season,slug,status_code,valid,year,event_id,event_numeric_id,competition_type,slugname,source,discovery_source,start_time_unix,game_date_guess,game_number_guess,event_status,event_status_num,error,game_number,event_list_event_id,event_list_event_numeric_id,event_list_event_status,event_list_event_status_num,event_list_event_status_label,event_list_game_date_guess,discovery_rank
2022,whipsnakes-chaos-2022-6-04,200,True,2022,2022_ev1,123,regular,whipsnakes-chaos-2022-6-04,cached,event_list_endpoint_validated_summary,1654366500,2022-06-04 18:15:00+00:00,,3,3,,1,2022_ev1,123,3,3,final,2022-06-04 18:15:00+00:00,1
2022,redwoods-atlas-2022-6-04,200,True,2022,2022_ev2,122,regular,redwoods-atlas-2022-6-04,cached,event_list_endpoint_validated_summary,1654376400,2022-06-04 21:00:00+00:00,,3,3,,2,2022_ev2,122,3,3,final,2022-06-04 21:00:00+00:00,1
2022,waterdogs-cannons-2022-6-05,200,True,2022,2022_ev3,121,regular,waterdogs-cannons-2022-6-05,cached,event_list_endpoint_validated_summary,1654448400,2022-06-05 17:00:00+00:00,,3,3,,3,2022_ev3,121,3,3,final,2022-06-05 17:00:00+00:00,1
2022,chrome-archers-2022-6-05,200,True,2022,2022_ev4,120,regular,chrome-archers-2022-6-05,cached,event_list_endpoint_validated_summary,1654458300,2022-06-05 19:45:00+00:00,,3,3,,4,2022_ev4,120,3,3,final,2022-06-05 19:45:00+00:00,1
2022,chrome-redwoods-2022-6-10,200,True,2022,2022_ev5,119,regular,chrome-redwoods-2022-6-10,cached,event_list_endpoint_validated_summary,1654898400,2022-06-10 22:00:00+00:00,,3,3,,5,2022_ev5,119,3,3,final,2022-06-10 22:00:00+00:00,1
2022,chaos-archers-2022-6-10,200,True,2022,2022_ev6,118,regular,chaos-archers-2022-6-10,cached,event_list_endpoint_validated_summary,1654908300,2022-06-11 00:45:00+00:00,,3,3,,6,2022_ev6,118,3,3,final,2022-06-11 00:45:00+00:00,1
2022,atlas-cannons-2022-6-11,200,True,2022,2022_ev7,117,regular,atlas-cannons-2022-6-11,cached,event_list_endpoint_validated_summary,1654984800,2022-06-11 22:00:00+00:00,,3,3,,7,2022_ev7,117,3,3,final,2022-06-11 22:00:00+00:00,1
2022,whipsnakes-waterdogs-2022-6-11,200,True,2022,2022_ev8,116,regular,whipsnakes-waterdogs-2022-6-11,cached,event_list_endpoint_validated_summary,1654994700,2022-06-12 00:45:00+00:00,,3,3,,8,2022_ev8,116,3,3,final,2022-06-12 00:45:00+00:00,1
2022,waterdogs-chrome-2022-6-17,200,True,2022,2022_ev9,115,regular,waterdogs-chrome-2022-6-17,cached,event_list_endpoint_validated_summary,1655503200,2022-06-17 22:00:00+00:00,,3,3,,9,2022_ev9,115,3,3,final,2022-06-17 22:00:00+00:00,1
2022,atlas-whipsnakes-2022-6-17,200,True,2022,2022_ev10,114,regular,atlas-whipsnakes-2022-6-17,cached,event_list_endpoint_validated_summary,1655513100,2022-06-18 00:45:00+00:00,,3,3,,10,2022_ev10,114,3,3,final,2022-06-18 00:45:00+00:00,1
2022,archers-cannons-2022-6-18,200,True,2022,2022_ev11,113,regular,archers-cannons-2022-6-18,cached,event_list_endpoint_validated_summary,1655571600,2022-06-18 17:00:00+00:00,,3,3,,11,2022_ev11,113,3,3,final,2022-06-18 17:00:00+00:00,1
2022,redwoods-chaos-2022-6-18-1,200,True,2022,2022_ev12,112,regular,redwoods-chaos-2022-6-18-1,cached,event_list_endpoint_validated_summary,1655582400,2022-06-18 20:00:00+00:00,,3,3,,12,2022_ev12,112,3,3,final,2022-06-18 20:00:00+00:00,1
2022,redwoods-whipsnakes-2022-6-24,200,True,2022,2022_ev13,111,regular,redwoods-whipsnakes-2022-6-24,cached,event_list_endpoint_validated_summary,1656109800,2022-06-24 22:30:00+00:00,,3,3,,13,2022_ev13,111,3,3,final,2022-06-24 22:30:00+00:00,1
2022,chaos-waterdogs-2022-6-24,200,True,2022,2022_ev14,110,regular,chaos-waterdogs-2022-6-24,cached,event_list_endpoint_validated_summary,1656119700,2022-06-25 01:15:00+00:00,,3,3,,14,2022_ev14,110,3,3,final,2022-06-25 01:15:00+00:00,1
2022,cannons-chrome-2022-6-25,200,True,2022,2022_ev15,109,regular,cannons-chrome-2022-6-25,cached,event_list_endpoint_validated_summary,1656194400,2022-06-25 22:00:00+00:00,,3,3,,15,2022_ev15,109,3,3,final,2022-06-25 22:00:00+00:00,1
2022,archers-atlas-2022-6-25,200,True,2022,2022_ev16,108,regular,archers-atlas-2022-6-25,cached,event_list_endpoint_validated_summary,1656204300,2022-06-26 00:45:00+00:00,,3,3,,16,2022_ev16,108,3,3,final,2022-06-26 00:45:00+00:00,1
2022,archers-redwoods-2022-7-1,200,True,2022,2022_ev17,107,regular,archers-redwoods-2022-7-1,cached,event_list_endpoint_validated_summary,1656716400,2022-07-01 23:00:00+00:00,,3,3,,17,2022_ev17,107,3,3,final,2022-07-01 23:00:00+00:00,1
2022,atlas-chrome-2022-7-1,200,True,2022,2022_ev18,106,regular,atlas-chrome-2022-7-1,cached,event_list_endpoint_validated_summary,1656726300,2022-07-02 01:45:00+00:00,,3,3,,18,2022_ev18,106,3,3,final,2022-07-02 01:45:00+00:00,1
2022,chaos-cannons-2022-7-2,200,True,2022,2022_ev19,105,regular,chaos-cannons-2022-7-2,cached,event_list_endpoint_validated_summary,1656799200,2022-07-02 22:00:00+00:00,,3,3,,19,2022_ev19,105,3,3,final,2022-07-02 22:00:00+00:00,1
2022,whipsnakes-waterdogs-2022-7-2,200,True,2022,2022_ev20,104,regular,whipsnakes-waterdogs-2022-7-2,cached,event_list_endpoint_validated_summary,1656809100,2022-07-03 00:45:00+00:00,,3,3,,20,2022_ev20,104,3,3,final,2022-07-03 00:45:00+00:00,1
2022,redwoods-atlas-2022-7-23,200,True,2022,2022_ev23,149,regular,redwoods-atlas-2022-7-23,cached,event_list_endpoint_validated_summary,1658610000,2022-07-23 21:00:00+00:00,,3,3,,21,2022_ev23,149,3,3,final,2022-07-23 21:00:00+00:00,1
2022,whipsnakes-chaos-2022-7-23,200,True,2022,2022_ev24,148,regular,whipsnakes-chaos-2022-7-23,cached,event_list_endpoint_validated_summary,1658619000,2022-07-23 23:30:00+00:00,,3,3,,22,2022_ev24,148,3,3,final,2022-07-23 23:30:00+00:00,1
2022,cannons-archers-2022-7-24,200,True,2022,2022_ev25,147,regular,cannons-archers-2022-7-24,cached,event_list_endpoint_validated_summary,1658685600,2022-07-24 18:00:00+00:00,,3,3,,23,2022_ev25,147,3,3,final,2022-07-24 18:00:00+00:00,1
2022,chrome-waterdogs-2022-7-24,200,True,2022,2022_ev26,146,regular,chrome-waterdogs-2022-7-24,cached,event_list_endpoint_validated_summary,1658694600,2022-07-24 20:30:00+00:00,,3,3,,24,2022_ev26,146,3,3,final,2022-07-24 20:30:00+00:00,1
2022,archers-atlas-2022-7-30,200,True,2022,2022_ev27,145,regular,archers-atlas-2022-7-30,cached,event_list_endpoint_validated_summary,1659204000,2022-07-30 18:00:00+00:00,,3,3,,25,2022_ev27,145,3,3,final,2022-07-30 18:00:00+00:00,1
2022,chrome-whipsnakes-2022-7-30,200,True,2022,2022_ev28,144,regular,chrome-whipsnakes-2022-7-30,cached,event_list_endpoint_validated_summary,1659213000,2022-07-30 20:30:00+00:00,,3,3,,26,2022_ev28,144,3,3,final,2022-07-30 20:30:00+00:00,1
2022,waterdogs-cannons-2022-7-31,200,True,2022,2022_ev29,143,regular,waterdogs-cannons-2022-7-31,cached,event_list_endpoint_validated_summary,1659286800,2022-07-31 17:00:00+00:00,,3,3,,27,2022_ev29,143,3,3,final,2022-07-31 17:00:00+00:00,1
2022,redwoods-chaos-2022-7-31,200,True,2022,2022_ev30,142,regular,redwoods-chaos-2022-7-31,cached,event_list_endpoint_validated_summary,1659295800,2022-07-31 19:30:00+00:00,,3,3,,28,2022_ev30,142,3,3,final,2022-07-31 19:30:00+00:00,1
2022,cannons-redwoods-2022-8-5,200,True,2022,2022_ev31,141,regular,cannons-redwoods-2022-8-5,cached,event_list_endpoint_validated_summary,1659747600,2022-08-06 01:00:00+00:00,,3,3,,29,2022_ev31,141,3,3,final,2022-08-06 01:00:00+00:00,1
2022,chaos-chrome-2022-8-6,200,True,2022,2022_ev32,140,regular,chaos-chrome-2022-8-6,cached,event_list_endpoint_validated_summary,1659799800,2022-08-06 15:30:00+00:00,,3,3,,30,2022_ev32,140,3,3,final,2022-08-06 15:30:00+00:00,1
2022,waterdogs-atlas-2022-8-6,200,True,2022,2022_ev33,139,regular,waterdogs-atlas-2022-8-6,cached,event_list_endpoint_validated_summary,1659808800,2022-08-06 18:00:00+00:00,,3,3,,31,2022_ev33,139,3,3,final,2022-08-06 18:00:00+00:00,1
2022,archers-whipsnakes-2022-8-6,200,True,2022,2022_ev34,138,regular,archers-whipsnakes-2022-8-6,cached,event_list_endpoint_validated_summary,1659818400,2022-08-06 20:40:00+00:00,,3,3,,32,2022_ev34,138,3,3,final,2022-08-06 20:40:00+00:00,1
2022,atlas-whipsnakes-2022-8-12,200,True,2022,2022_ev35,137,regular,atlas-whipsnakes-2022-8-12,cached,event_list_endpoint_validated_summary,1660348800,2022-08-13 00:00:00+00:00,,3,3,,33,2022_ev35,137,3,3,final,2022-08-13 00:00:00+00:00,1
2022,waterdogs-redwoods-2022-8-12,200,True,2022,2022_ev36,136,regular,waterdogs-redwoods-2022-8-12,cached,event_list_endpoint_validated_summary,1660357800,2022-08-13 02:30:00+00:00,,3,3,,34,2022_ev36,136,3,3,final,2022-08-13 02:30:00+00:00,1
2022,chaos-archers-2022-8-13,200,True,2022,2022_ev37,135,regular,chaos-archers-2022-8-13,cached,event_list_endpoint_validated_summary,1660406400,2022-08-13 16:00:00+00:00,,3,3,,35,2022_ev37,135,3,3,final,2022-08-13 16:00:00+00:00,1
2022,cannons-chrome-2022-8-13,200,True,2022,2022_ev38,134,regular,cannons-chrome-2022-8-13,cached,event_list_endpoint_validated_summary,1660415400,2022-08-13 18:30:00+00:00,,3,3,,36,2022_ev38,134,3,3,final,2022-08-13 18:30:00+00:00,1
2022,chrome-redwoods-2022-8-20,200,True,2022,2022_ev39,133,regular,chrome-redwoods-2022-8-20,cached,event_list_endpoint_validated_summary,1661036400,2022-08-20 23:00:00+00:00,,3,3,,37,2022_ev39,133,3,3,final,2022-08-20 23:00:00+00:00,1
2022,archers-waterdogs-2022-8-20,200,True,2022,2022_ev40,132,regular,archers-waterdogs-2022-8-20,cached,event_list_endpoint_validated_summary,1661045400,2022-08-21 01:30:00+00:00,,3,3,,38,2022_ev40,132,3,3,final,2022-08-21 01:30:00+00:00,1
2022,whipsnakes-cannons-2022-8-21,200,True,2022,2022_ev41,131,regular,whipsnakes-cannons-2022-8-21,cached,event_list_endpoint_validated_summary,1661108400,2022-08-21 19:00:00+00:00,,3,3,,39,2022_ev41,131,3,3,final,2022-08-21 19:00:00+00:00,1
2022,atlas-chaos-2022-8-21,200,True,2022,2022_ev42,130,regular,atlas-chaos-2022-8-21,cached,event_list_endpoint_validated_summary,1661117400,2022-08-21 21:30:00+00:00,,3,3,,40,2022_ev42,130,3,3,final,2022-08-21 21:30:00+00:00,1
2023,game-1-2023-06-02,200,True,2023,2023_ev1,181,regular,game-1-2023-06-02,cached,event_list_endpoint_validated_summary,1685811600,2023-06-03 17:00:00+00:00,1,3,3,,1,2023_ev1,181,3,3,final,2023-06-03 17:00:00+00:00,1
2023,game-2-2023-06-02,200,True,2023,2023_ev2,182,regular,game-2-2023-06-02,cached,event_list_endpoint_validated_summary,1685820600,2023-06-03 19:30:00+00:00,2,3,3,,2,2023_ev2,182,3,3,final,2023-06-03 19:30:00+00:00,1
2023,game-3-2023-06-02,200,True,2023,2023_ev3,183,regular,game-3-2023-06-02,cached,event_list_endpoint_validated_summary,1685898000,2023-06-04 17:00:00+00:00,3,3,3,,3,2023_ev3,183,3,3,final,2023-06-04 17:00:00+00:00,1
2023,game-4-2023-06-02,200,True,2023,2023_ev4,184,regular,game-4-2023-06-02,cached,event_list_endpoint_validated_summary,1685907000,2023-06-04 19:30:00+00:00,4,3,3,,4,2023_ev4,184,3,3,final,2023-06-04 19:30:00+00:00,1
2023,game-5-2023-06-09,200,True,2023,2023_ev5,185,regular,game-5-2023-06-09,cached,event_list_endpoint_validated_summary,1686348000,2023-06-09 22:00:00+00:00,5,3,3,,5,2023_ev5,185,3,3,final,2023-06-09 22:00:00+00:00,1
2023,game-6-2023-06-09,200,True,2023,2023_ev6,186,regular,game-6-2023-06-09,cached,event_list_endpoint_validated_summary,1686357000,2023-06-10 00:30:00+00:00,6,3,3,,6,2023_ev6,186,3,3,final,2023-06-10 00:30:00+00:00,1
2023,game-7-2023-06-09,200,True,2023,2023_ev7,187,regular,game-7-2023-06-09,cached,event_list_endpoint_validated_summary,1686423600,2023-06-10 19:00:00+00:00,7,3,3,,7,2023_ev7,187,3,3,final,2023-06-10 19:00:00+00:00,1
2023,game-8-2023-06-09,200,True,2023,2023_ev8,188,regular,game-8-2023-06-09,cached,event_list_endpoint_validated_summary,1686432600,2023-06-10 21:30:00+00:00,8,3,3,,8,2023_ev8,188,3,3,final,2023-06-10 21:30:00+00:00,1
2023,game-9-2023-06-16,200,True,2023,2023_ev9,189,regular,game-9-2023-06-16,cached,event_list_endpoint_validated_summary,1686952800,2023-06-16 22:00:00+00:00,9,3,3,,9,2023_ev9,189,3,3,final,2023-06-16 22:00:00+00:00,1
2023,game-10-2023-06-16,200,True,2023,2023_ev10,190,regular,game-10-2023-06-16,cached,event_list_endpoint_validated_summary,1686961800,2023-06-17 00:30:00+00:00,10,3,3,,10,2023_ev10,190,3,3,final,2023-06-17 00:30:00+00:00,1
2023,game-11-2023-06-16,200,True,2023,2023_ev11,191,regular,game-11-2023-06-16,cached,event_list_endpoint_validated_summary,1687017600,2023-06-17 16:00:00+00:00,11,3,3,,11,2023_ev11,191,3,3,final,2023-06-17 16:00:00+00:00,1
2023,game-12-2023-06-16,200,True,2023,2023_ev12,192,regular,game-12-2023-06-16,cached,event_list_endpoint_validated_summary,1687042800,2023-06-17 23:00:00+00:00,12,3,3,,12,2023_ev12,192,3,3,final,2023-06-17 23:00:00+00:00,1
2023,game-13-2023-07-07,200,True,2023,2023_ev13,193,regular,game-13-2023-07-07,cached,event_list_endpoint_validated_summary,1688853600,2023-07-08 22:00:00+00:00,13,3,3,,13,2023_ev13,193,3,3,final,2023-07-08 22:00:00+00:00,1
2023,game-14-2023-07-07,200,True,2023,2023_ev14,194,regular,game-14-2023-07-07,cached,event_list_endpoint_validated_summary,1688862600,2023-07-09 00:30:00+00:00,14,3,3,,14,2023_ev14,194,3,3,final,2023-07-09 00:30:00+00:00,1
2023,game-15-2023-07-07,200,True,2023,2023_ev15,195,regular,game-15-2023-07-07,cached,event_list_endpoint_validated_summary,1688925600,2023-07-09 18:00:00+00:00,15,3,3,,15,2023_ev15,195,3,3,final,2023-07-09 18:00:00+00:00,1
2023,game-16-2023-07-07,200,True,2023,2023_ev16,196,regular,game-16-2023-07-07,cached,event_list_endpoint_validated_summary,1688934600,2023-07-09 20:30:00+00:00,16,3,3,,16,2023_ev16,196,3,3,final,2023-07-09 20:30:00+00:00,1
2023,game-17-2023-07-14,200,True,2023,2023_ev17,197,regular,game-17-2023-07-14,cached,event_list_endpoint_validated_summary,1689372000,2023-07-14 22:00:00+00:00,17,2,2,,17,2023_ev17,197,2,2,unknown,2023-07-14 22:00:00+00:00,1
2023,game-18-2023-07-14,200,True,2023,2023_ev18,198,regular,game-18-2023-07-14,cached,event_list_endpoint_validated_summary,1689381000,2023-07-15 00:30:00+00:00,18,3,3,,18,2023_ev18,198,3,3,final,2023-07-15 00:30:00+00:00,1
2023,game-19-2023-07-14,200,True,2023,2023_ev19,199,regular,game-19-2023-07-14,cached,event_list_endpoint_validated_summary,1689458400,2023-07-15 22:00:00+00:00,19,3,3,,19,2023_ev19,199,3,3,final,2023-07-15 22:00:00+00:00,1
2023,game-20-2023-07-14,200,True,2023,2023_ev20,200,regular,game-20-2023-07-14,cached,event_list_endpoint_validated_summary,1689467400,2023-07-16 00:30:00+00:00,20,3,3,,20,2023_ev20,200,3,3,final,2023-07-16 00:30:00+00:00,1
2023,game-23-2023-07-28,200,True,2023,2023_ev23,203,regular,game-23-2023-07-28,cached,event_list_endpoint_validated_summary,1690668000,2023-07-29 22:00:00+00:00,23,3,3,,21,2023_ev23,203,3,3,final,2023-07-29 22:00:00+00:00,1
2023,game-24-2023-07-28,200,True,2023,2023_ev24,204,regular,game-24-2023-07-28,cached,event_list_endpoint_validated_summary,1690677000,2023-07-30 00:30:00+00:00,24,3,3,,22,2023_ev24,204,3,3,final,2023-07-30 00:30:00+00:00,1
2023,game-25-2023-07-28,200,True,2023,2023_ev25,205,regular,game-25-2023-07-28,cached,event_list_endpoint_validated_summary,1690743600,2023-07-30 19:00:00+00:00,25,3,3,,23,2023_ev25,205,3,3,final,2023-07-30 19:00:00+00:00,1
2023,game-26-2023-07-28,200,True,2023,2023_ev26,206,regular,game-26-2023-07-28,cached,event_list_endpoint_validated_summary,1690752600,2023-07-30 21:30:00+00:00,26,3,3,,24,2023_ev26,206,3,3,final,2023-07-30 21:30:00+00:00,1
2023,game-27-2023-08-04,200,True,2023,2023_ev27,207,regular,game-27-2023-08-04,cached,event_list_endpoint_validated_summary,1691262000,2023-08-05 19:00:00+00:00,27,3,3,,25,2023_ev27,207,3,3,final,2023-08-05 19:00:00+00:00,1
2023,game-28-2023-08-04,200,True,2023,2023_ev28,208,regular,game-28-2023-08-04,cached,event_list_endpoint_validated_summary,1691271000,2023-08-05 21:30:00+00:00,28,3,3,,26,2023_ev28,208,3,3,final,2023-08-05 21:30:00+00:00,1
2023,game-29-2023-08-04,200,True,2023,2023_ev29,209,regular,game-29-2023-08-04,cached,event_list_endpoint_validated_summary,1691341200,2023-08-06 17:00:00+00:00,29,3,3,,27,2023_ev29,209,3,3,final,2023-08-06 17:00:00+00:00,1
2023,game-30-2023-08-04,200,True,2023,2023_ev30,210,regular,game-30-2023-08-04,cached,event_list_endpoint_validated_summary,1691350200,2023-08-06 19:30:00+00:00,30,3,3,,28,2023_ev30,210,3,3,final,2023-08-06 19:30:00+00:00,1
2023,game-31-2023-08-11,200,True,2023,2023_ev31,211,regular,game-31-2023-08-11,cached,event_list_endpoint_validated_summary,1691800200,2023-08-12 00:30:00+00:00,31,3,3,,29,2023_ev31,211,3,3,final,2023-08-12 00:30:00+00:00,1
2023,game-32-2023-08-11,200,True,2023,2023_ev32,212,regular,game-32-2023-08-11,cached,event_list_endpoint_validated_summary,1691807400,2023-08-12 02:30:00+00:00,32,3,3,,30,2023_ev32,212,3,3,final,2023-08-12 02:30:00+00:00,1
2023,game-33-2023-08-11,200,True,2023,2023_ev33,213,regular,game-33-2023-08-11,cached,event_list_endpoint_validated_summary,1691881200,2023-08-12 23:00:00+00:00,33,3,3,,31,2023_ev33,213,3,3,final,2023-08-12 23:00:00+00:00,1
2023,game-34-2023-08-11,200,True,2023,2023_ev34,214,regular,game-34-2023-08-11,cached,event_list_endpoint_validated_summary,1691890200,2023-08-13 01:30:00+00:00,34,3,3,,32,2023_ev34,214,3,3,final,2023-08-13 01:30:00+00:00,1
2023,game-35-2023-08-18,200,True,2023,2023_ev35,215,regular,game-35-2023-08-18,cached,event_list_endpoint_validated_summary,1692406800,2023-08-19 01:00:00+00:00,35,3,3,,33,2023_ev35,215,3,3,final,2023-08-19 01:00:00+00:00,1
2023,game-36-2023-08-18,200,True,2023,2023_ev36,216,regular,game-36-2023-08-18,cached,event_list_endpoint_validated_summary,1692415800,2023-08-19 03:30:00+00:00,36,3,3,,34,2023_ev36,216,3,3,final,2023-08-19 03:30:00+00:00,1
2023,game-37-2023-08-18,200,True,2023,2023_ev37,217,regular,game-37-2023-08-18,cached,event_list_endpoint_validated_summary,1692489600,2023-08-20 00:00:00+00:00,37,3,3,,35,2023_ev37,217,3,3,final,2023-08-20 00:00:00+00:00,1
2023,game-38-2023-08-18,200,True,2023,2023_ev38,218,regular,game-38-2023-08-18,cached,event_list_endpoint_validated_summary,1692498600,2023-08-20 02:30:00+00:00,38,3,3,,36,2023_ev38,218,3,3,final,2023-08-20 02:30:00+00:00,1
2023,game-39-2023-08-25,200,True,2023,2023_ev39,219,regular,game-39-2023-08-25,cached,event_list_endpoint_validated_summary,1693008000,2023-08-26 00:00:00+00:00,39,3,3,,37,2023_ev39,219,3,3,final,2023-08-26 00:00:00+00:00,1
2023,game-40-2023-08-25,200,True,2023,2023_ev40,220,regular,game-40-2023-08-25,cached,event_list_endpoint_validated_summary,1693017000,2023-08-26 02:30:00+00:00,40,3,3,,38,2023_ev40,220,3,3,final,2023-08-26 02:30:00+00:00,1
2023,game-41-2023-08-25,200,True,2023,2023_ev41,221,regular,game-41-2023-08-25,cached,event_list_endpoint_validated_summary,1693090800,2023-08-26 23:00:00+00:00,41,3,3,,39,2023_ev41,221,3,3,final,2023-08-26 23:00:00+00:00,1
2023,game-42-2023-08-25,200,True,2023,2023_ev42,222,regular,game-42-2023-08-25,cached,event_list_endpoint_validated_summary,1693099800,2023-08-27 01:30:00+00:00,42,2,2,,40,2023_ev42,222,2,2,unknown,2023-08-27 01:30:00+00:00,1
2024,2024_game_1,200,True,2024,2024_ev1,243,regular,2024_game_1,cached,event_list_endpoint_validated_summary,1717261200,2024-06-01 17:00:00+00:00,1,3,3,,1,2024_ev1,243,3,3,final,2024-06-01 17:00:00+00:00,1
2024,2024_game_2,200,True,2024,2024_ev2,244,regular,2024_game_2,cached,event_list_endpoint_validated_summary,1717270200,2024-06-01 19:30:00+00:00,2,3,3,,2,2024_ev2,244,3,3,final,2024-06-01 19:30:00+00:00,1
2024,2024_game_3,200,True,2024,2024_ev3,245,regular,2024_game_3,cached,event_list_endpoint_validated_summary,1717347600,2024-06-02 17:00:00+00:00,3,3,3,,3,2024_ev3,245,3,3,final,2024-06-02 17:00:00+00:00,1
2024,2024_game_4,200,True,2024,2024_ev4,246,regular,2024_game_4,cached,event_list_endpoint_validated_summary,1717356600,2024-06-02 19:30:00+00:00,4,3,3,,4,2024_ev4,246,3,3,final,2024-06-02 19:30:00+00:00,1
2024,2024_game_5,200,True,2024,2024_ev5,247,regular,2024_game_5,cached,event_list_endpoint_validated_summary,1717797600,2024-06-07 22:00:00+00:00,5,3,3,,5,2024_ev5,247,3,3,final,2024-06-07 22:00:00+00:00,1
2024,2024_game_6,200,True,2024,2024_ev6,248,regular,2024_game_6,cached,event_list_endpoint_validated_summary,1717806600,2024-06-08 00:30:00+00:00,6,3,3,,6,2024_ev6,248,3,3,final,2024-06-08 00:30:00+00:00,1
2024,2024_game_8,200,True,2024,2024_ev8,250,regular,2024_game_8,cached,event_list_endpoint_validated_summary,1717880400,2024-06-08 21:00:00+00:00,8,3,3,,7,2024_ev8,250,3,3,final,2024-06-08 21:00:00+00:00,1
2024,2024_game_7,200,True,2024,2024_ev7,249,regular,2024_game_7,cached,event_list_endpoint_validated_summary,1717889400,2024-06-08 23:30:00+00:00,7,3,3,,8,2024_ev7,249,3,3,final,2024-06-08 23:30:00+00:00,1
2024,2024_game_9,200,True,2024,2024_ev9,251,regular,2024_game_9,cached,event_list_endpoint_validated_summary,1718469000,2024-06-15 16:30:00+00:00,9,3,3,,9,2024_ev9,251,3,3,final,2024-06-15 16:30:00+00:00,1
2024,2024_game_10,200,True,2024,2024_ev10,252,regular,2024_game_10,cached,event_list_endpoint_validated_summary,1718492400,2024-06-15 23:00:00+00:00,10,3,3,,10,2024_ev10,252,3,3,final,2024-06-15 23:00:00+00:00,1
2024,2024_game_11,200,True,2024,2024_ev11,253,regular,2024_game_11,cached,event_list_endpoint_validated_summary,1718555400,2024-06-16 16:30:00+00:00,11,3,3,,11,2024_ev11,253,3,3,final,2024-06-16 16:30:00+00:00,1
2024,2024_game_12,200,True,2024,2024_ev12,254,regular,2024_game_12,cached,event_list_endpoint_validated_summary,1718564400,2024-06-16 19:00:00+00:00,12,3,3,,12,2024_ev12,254,3,3,final,2024-06-16 19:00:00+00:00,1
2024,2024_game_13,200,True,2024,2024_ev13,255,regular,2024_game_13,cached,event_list_endpoint_validated_summary,1719615600,2024-06-28 23:00:00+00:00,13,3,3,,13,2024_ev13,255,3,3,final,2024-06-28 23:00:00+00:00,1
2024,2024_game_14,200,True,2024,2024_ev14,256,regular,2024_game_14,cached,event_list_endpoint_validated_summary,1719624600,2024-06-29 01:30:00+00:00,14,3,3,,14,2024_ev14,256,3,3,final,2024-06-29 01:30:00+00:00,1
2024,2024_game_15,200,True,2024,2024_ev15,257,regular,2024_game_15,cached,event_list_endpoint_validated_summary,1719698400,2024-06-29 22:00:00+00:00,15,3,3,,15,2024_ev15,257,3,3,final,2024-06-29 22:00:00+00:00,1
2024,2024_game_16,200,True,2024,2024_ev16,258,regular,2024_game_16,cached,event_list_endpoint_validated_summary,1719707400,2024-06-30 00:30:00+00:00,16,3,3,,16,2024_ev16,258,3,3,final,2024-06-30 00:30:00+00:00,1
2024,2024_game_17,200,True,2024,2024_ev17,259,regular,2024_game_17,cached,event_list_endpoint_validated_summary,1720216800,2024-07-05 22:00:00+00:00,17,3,3,,17,2024_ev17,259,3,3,final,2024-07-05 22:00:00+00:00,1
2024,2024_game_18,200,True,2024,2024_ev18,260,regular,2024_game_18,cached,event_list_endpoint_validated_summary,1720225800,2024-07-06 00:30:00+00:00,18,3,3,,18,2024_ev18,260,3,3,final,2024-07-06 00:30:00+00:00,1
2024,2024_game_19,200,True,2024,2024_ev19,261,regular,2024_game_19,cached,event_list_endpoint_validated_summary,1720297800,2024-07-06 20:30:00+00:00,19,3,3,,19,2024_ev19,261,3,3,final,2024-07-06 20:30:00+00:00,1
2024,2024_game_20,200,True,2024,2024_ev20,262,regular,2024_game_20,cached,event_list_endpoint_validated_summary,1720306800,2024-07-06 23:00:00+00:00,20,3,3,,20,2024_ev20,262,3,3,final,2024-07-06 23:00:00+00:00,1
2024,2024_game_22,200,True,2024,2024_ev22,264,regular,2024_game_22,cached,event_list_endpoint_validated_summary,1721426400,2024-07-19 22:00:00+00:00,22,3,3,,21,2024_ev22,264,3,3,final,2024-07-19 22:00:00+00:00,1
2024,2024_game_23,200,True,2024,2024_ev23,265,regular,2024_game_23,cached,event_list_endpoint_validated_summary,1721435400,2024-07-20 00:30:00+00:00,23,3,3,,22,2024_ev23,265,3,3,final,2024-07-20 00:30:00+00:00,1
2024,2024_game_24,200,True,2024,2024_ev24,266,regular,2024_game_24,cached,event_list_endpoint_validated_summary,1721502000,2024-07-20 19:00:00+00:00,24,3,3,,23,2024_ev24,266,3,3,final,2024-07-20 19:00:00+00:00,1
2024,2024_game_25,200,True,2024,2024_ev25,267,regular,2024_game_25,cached,event_list_endpoint_validated_summary,1721511000,2024-07-20 21:30:00+00:00,25,3,3,,24,2024_ev25,267,3,3,final,2024-07-20 21:30:00+00:00,1
2024,2024_game_27,200,True,2024,2024_ev27,269,regular,2024_game_27,cached,event_list_endpoint_validated_summary,1722106800,2024-07-27 19:00:00+00:00,27,3,3,,25,2024_ev27,269,3,3,final,2024-07-27 19:00:00+00:00,1
2024,2024_game_26,200,True,2024,2024_ev26,268,regular,2024_game_26,cached,event_list_endpoint_validated_summary,1722115800,2024-07-27 21:30:00+00:00,26,3,3,,26,2024_ev26,268,3,3,final,2024-07-27 21:30:00+00:00,1
2024,2024_game_28,200,True,2024,2024_ev28,270,regular,2024_game_28,cached,event_list_endpoint_validated_summary,1722193200,2024-07-28 19:00:00+00:00,28,3,3,,27,2024_ev28,270,3,3,final,2024-07-28 19:00:00+00:00,1
2024,2024_game_29,200,True,2024,2024_ev29,271,regular,2024_game_29,cached,event_list_endpoint_validated_summary,1722202200,2024-07-28 21:30:00+00:00,29,3,3,,28,2024_ev29,271,3,3,final,2024-07-28 21:30:00+00:00,1
2024,2024_game_30,200,True,2024,2024_ev30,272,regular,2024_game_30,cached,event_list_endpoint_validated_summary,1722704400,2024-08-03 17:00:00+00:00,30,3,3,,29,2024_ev30,272,3,3,final,2024-08-03 17:00:00+00:00,1
2024,2024_game_31,200,True,2024,2024_ev31,273,regular,2024_game_31,cached,event_list_endpoint_validated_summary,1722713400,2024-08-03 19:30:00+00:00,31,3,3,,30,2024_ev31,273,3,3,final,2024-08-03 19:30:00+00:00,1
2024,2024_game_32,200,True,2024,2024_ev32,274,regular,2024_game_32,cached,event_list_endpoint_validated_summary,1722789000,2024-08-04 16:30:00+00:00,32,3,3,,31,2024_ev32,274,3,3,final,2024-08-04 16:30:00+00:00,1
2024,2024_game_33,200,True,2024,2024_ev33,275,regular,2024_game_33,cached,event_list_endpoint_validated_summary,1722798000,2024-08-04 19:00:00+00:00,33,3,3,,32,2024_ev33,275,3,3,final,2024-08-04 19:00:00+00:00,1
2024,2024_game_34,200,True,2024,2024_ev34,276,regular,2024_game_34,cached,event_list_endpoint_validated_summary,1723248000,2024-08-10 00:00:00+00:00,34,3,3,,33,2024_ev34,276,3,3,final,2024-08-10 00:00:00+00:00,1
2024,2024_game_35,200,True,2024,2024_ev35,277,regular,2024_game_35,cached,event_list_endpoint_validated_summary,1723257000,2024-08-10 02:30:00+00:00,35,3,3,,34,2024_ev35,277,3,3,final,2024-08-10 02:30:00+00:00,1
2024,2024_game_36,200,True,2024,2024_ev36,278,regular,2024_game_36,cached,event_list_endpoint_validated_summary,1723314600,2024-08-10 18:30:00+00:00,36,3,3,,35,2024_ev36,278,3,3,final,2024-08-10 18:30:00+00:00,1
2024,2024_game_37,200,True,2024,2024_ev37,279,regular,2024_game_37,cached,event_list_endpoint_validated_summary,1723330800,2024-08-10 23:00:00+00:00,37,3,3,,36,2024_ev37,279,3,3,final,2024-08-10 23:00:00+00:00,1
2024,2024_game_38,200,True,2024,2024_ev38,280,regular,2024_game_38,cached,event_list_endpoint_validated_summary,1723852800,2024-08-17 00:00:00+00:00,38,3,3,,37,2024_ev38,280,3,3,final,2024-08-17 00:00:00+00:00,1
2024,2024_game_39,200,True,2024,2024_ev39,281,regular,2024_game_39,cached,event_list_endpoint_validated_summary,1723861800,2024-08-17 02:30:00+00:00,39,3,3,,38,2024_ev39,281,3,3,final,2024-08-17 02:30:00+00:00,1
2024,2024_game_40,200,True,2024,2024_ev40,282,regular,2024_game_40,cached,event_list_endpoint_validated_summary,1723933800,2024-08-17 22:30:00+00:00,40,3,3,,39,2024_ev40,282,3,3,final,2024-08-17 22:30:00+00:00,1
2024,2024_game_41,200,True,2024,2024_ev41,283,regular,2024_game_41,cached,event_list_endpoint_validated_summary,1723942800,2024-08-18 01:00:00+00:00,41,3,3,,40,2024_ev41,283,3,3,final,2024-08-18 01:00:00+00:00,1
2025,2025_game_1,200,True,2025,2025_ev_1,333,regular,2025_game_1,cached,event_list_endpoint_validated_summary,1748642400,2025-05-30 22:00:00+00:00,1,3,3,,1,2025_ev_1,333,3,3,final,2025-05-30 22:00:00+00:00,1
2025,2025_game_2,200,True,2025,2025_ev_2,334,regular,2025_game_2,cached,event_list_endpoint_validated_summary,1748651400,2025-05-31 00:30:00+00:00,2,3,3,,2,2025_ev_2,334,3,3,final,2025-05-31 00:30:00+00:00,1
2025,2025_game_3,200,True,2025,2025_ev_3,335,regular,2025_game_3,cached,event_list_endpoint_validated_summary,1748710800,2025-05-31 17:00:00+00:00,3,3,3,,3,2025_ev_3,335,3,3,final,2025-05-31 17:00:00+00:00,1
2025,2025_game_4,200,True,2025,2025_ev_4,336,regular,2025_game_4,cached,event_list_endpoint_validated_summary,1748732400,2025-05-31 23:00:00+00:00,4,3,3,,4,2025_ev_4,336,3,3,final,2025-05-31 23:00:00+00:00,1
2025,2025_game_5,200,True,2025,2025_ev_5,337,regular,2025_game_5,cached,event_list_endpoint_validated_summary,1749247200,2025-06-06 22:00:00+00:00,5,3,3,,5,2025_ev_5,337,3,3,final,2025-06-06 22:00:00+00:00,1
2025,2025_game_6,200,True,2025,2025_ev_6,338,regular,2025_game_6,cached,event_list_endpoint_validated_summary,1749256200,2025-06-07 00:30:00+00:00,6,3,3,,6,2025_ev_6,338,3,3,final,2025-06-07 00:30:00+00:00,1
2025,2025_game_7,200,True,2025,2025_ev_7,339,regular,2025_game_7,cached,event_list_endpoint_validated_summary,1749315600,2025-06-07 17:00:00+00:00,7,3,3,,7,2025_ev_7,339,3,3,final,2025-06-07 17:00:00+00:00,1
2025,2025_game_8,200,True,2025,2025_ev_8,340,regular,2025_game_8,cached,event_list_endpoint_validated_summary,1749337200,2025-06-07 23:00:00+00:00,8,3,3,,8,2025_ev_8,340,3,3,final,2025-06-07 23:00:00+00:00,1
2025,2025_game_9,200,True,2025,2025_ev_9,341,regular,2025_game_9,cached,event_list_endpoint_validated_summary,1749852000,2025-06-13 22:00:00+00:00,9,3,3,,9,2025_ev_9,341,3,3,final,2025-06-13 22:00:00+00:00,1
2025,2025_game_10,200,True,2025,2025_ev_10,342,regular,2025_game_10,cached,event_list_endpoint_validated_summary,1749861000,2025-06-14 00:30:00+00:00,10,3,3,,10,2025_ev_10,342,3,3,final,2025-06-14 00:30:00+00:00,1
2025,2025_game_11,200,True,2025,2025_ev_11,343,regular,2025_game_11,cached,event_list_endpoint_validated_summary,1749920400,2025-06-14 17:00:00+00:00,11,3,3,,11,2025_ev_11,343,3,3,final,2025-06-14 17:00:00+00:00,1
2025,2025_game_12,200,True,2025,2025_ev_12,344,regular,2025_game_12,cached,event_list_endpoint_validated_summary,1749942000,2025-06-14 23:00:00+00:00,12,3,3,,12,2025_ev_12,344,3,3,final,2025-06-14 23:00:00+00:00,1
2025,2025_game_13,200,True,2025,2025_ev_13,345,regular,2025_game_13,cached,event_list_endpoint_validated_summary,1750536000,2025-06-21 20:00:00+00:00,13,3,3,,13,2025_ev_13,345,3,3,final,2025-06-21 20:00:00+00:00,1
2025,2025_game_14,200,True,2025,2025_ev_14,346,regular,2025_game_14,cached,event_list_endpoint_validated_summary,1750546800,2025-06-21 23:00:00+00:00,14,3,3,,14,2025_ev_14,346,3,3,final,2025-06-21 23:00:00+00:00,1
2025,2025_game_15,200,True,2025,2025_ev_15,347,regular,2025_game_15,cached,event_list_endpoint_validated_summary,1750608000,2025-06-22 16:00:00+00:00,15,3,3,,15,2025_ev_15,347,3,3,final,2025-06-22 16:00:00+00:00,1
2025,2025_game_16,200,True,2025,2025_ev_16,348,regular,2025_game_16,cached,event_list_endpoint_validated_summary,1750617000,2025-06-22 18:30:00+00:00,16,3,3,,16,2025_ev_16,348,3,3,final,2025-06-22 18:30:00+00:00,1
2025,2025_game_17,200,True,2025,2025_ev_17,349,regular,2025_game_17,cached,event_list_endpoint_validated_summary,1751072400,2025-06-28 01:00:00+00:00,17,3,3,,17,2025_ev_17,349,3,3,final,2025-06-28 01:00:00+00:00,1
2025,2025_game_18,200,True,2025,2025_ev_18,350,regular,2025_game_18,cached,event_list_endpoint_validated_summary,1751081400,2025-06-28 03:30:00+00:00,18,3,3,,18,2025_ev_18,350,3,3,final,2025-06-28 03:30:00+00:00,1
2025,2025_game_19,200,True,2025,2025_ev_19,351,regular,2025_game_19,cached,event_list_endpoint_validated_summary,1751148000,2025-06-28 22:00:00+00:00,19,3,3,,19,2025_ev_19,351,3,3,final,2025-06-28 22:00:00+00:00,1
2025,2025_game_20,200,True,2025,2025_ev_20,352,regular,2025_game_20,cached,event_list_endpoint_validated_summary,1751157000,2025-06-29 00:30:00+00:00,20,3,3,,20,2025_ev_20,352,3,3,final,2025-06-29 00:30:00+00:00,1
2025,2025_game_23,200,True,2025,2025_ev_23,355,regular,2025_game_23,cached,event_list_endpoint_validated_summary,1752274800,2025-07-11 23:00:00+00:00,23,3,3,,21,2025_ev_23,355,3,3,final,2025-07-11 23:00:00+00:00,1
2025,2025_game_24,200,True,2025,2025_ev_24,356,regular,2025_game_24,cached,event_list_endpoint_validated_summary,1752283800,2025-07-12 01:30:00+00:00,24,3,3,,22,2025_ev_24,356,3,3,final,2025-07-12 01:30:00+00:00,1
2025,2025_game_25,200,True,2025,2025_ev_25,357,regular,2025_game_25,cached,event_list_endpoint_validated_summary,1752361200,2025-07-12 23:00:00+00:00,25,3,3,,23,2025_ev_25,357,3,3,final,2025-07-12 23:00:00+00:00,1
2025,2025_game_26,200,True,2025,2025_ev_26,358,regular,2025_game_26,cached,event_list_endpoint_validated_summary,1752370200,2025-07-13 01:30:00+00:00,26,3,3,,24,2025_ev_26,358,3,3,final,2025-07-13 01:30:00+00:00,1
2025,2025_game_27,200,True,2025,2025_ev_27,359,regular,2025_game_27,cached,event_list_endpoint_validated_summary,1752877800,2025-07-18 22:30:00+00:00,27,3,3,,25,2025_ev_27,359,3,3,final,2025-07-18 22:30:00+00:00,1
2025,2025_game_28,200,True,2025,2025_ev_28,360,regular,2025_game_28,cached,event_list_endpoint_validated_summary,1752886800,2025-07-19 01:00:00+00:00,28,3,3,,26,2025_ev_28,360,3,3,final,2025-07-19 01:00:00+00:00,1
2025,2025_game_29,200,True,2025,2025_ev_29,361,regular,2025_game_29,cached,event_list_endpoint_validated_summary,1752951600,2025-07-19 19:00:00+00:00,29,3,3,,27,2025_ev_29,361,3,3,final,2025-07-19 19:00:00+00:00,1
2025,2025_game_30,200,True,2025,2025_ev_30,362,regular,2025_game_30,cached,event_list_endpoint_validated_summary,1752969600,2025-07-20 00:00:00+00:00,30,3,3,,28,2025_ev_30,362,3,3,final,2025-07-20 00:00:00+00:00,1
2025,2025_game_31,200,True,2025,2025_ev_31,363,regular,2025_game_31,cached,event_list_endpoint_validated_summary,1753488000,2025-07-26 00:00:00+00:00,31,3,3,,29,2025_ev_31,363,3,3,final,2025-07-26 00:00:00+00:00,1
2025,2025_game_32,200,True,2025,2025_ev_32,364,regular,2025_game_32,cached,event_list_endpoint_validated_summary,1753497000,2025-07-26 02:30:00+00:00,32,3,3,,30,2025_ev_32,364,3,3,final,2025-07-26 02:30:00+00:00,1
2025,2025_game_33,200,True,2025,2025_ev_33,365,regular,2025_game_33,cached,event_list_endpoint_validated_summary,1753569000,2025-07-26 22:30:00+00:00,33,3,3,,31,2025_ev_33,365,3,3,final,2025-07-26 22:30:00+00:00,1
2025,2025_game_34,200,True,2025,2025_ev_34,366,regular,2025_game_34,cached,event_list_endpoint_validated_summary,1753578000,2025-07-27 01:00:00+00:00,34,3,3,,32,2025_ev_34,366,3,3,final,2025-07-27 01:00:00+00:00,1
2025,2025_game_35,200,True,2025,2025_ev_35,367,regular,2025_game_35,cached,event_list_endpoint_validated_summary,1754092800,2025-08-02 00:00:00+00:00,35,3,3,,33,2025_ev_35,367,3,3,final,2025-08-02 00:00:00+00:00,1
2025,2025_game_36,200,True,2025,2025_ev_36,368,regular,2025_game_36,cached,event_list_endpoint_validated_summary,1754101800,2025-08-02 02:30:00+00:00,36,3,3,,34,2025_ev_36,368,3,3,final,2025-08-02 02:30:00+00:00,1
2025,2025_game_38,200,True,2025,2025_ev_38,370,regular,2025_game_38,cached,event_list_endpoint_validated_summary,1754154000,2025-08-02 17:00:00+00:00,38,3,3,,35,2025_ev_38,370,3,3,final,2025-08-02 17:00:00+00:00,1
2025,2025_game_37,200,True,2025,2025_ev_37,369,regular,2025_game_37,cached,event_list_endpoint_validated_summary,1754179200,2025-08-03 00:00:00+00:00,37,3,3,,36,2025_ev_37,369,3,3,final,2025-08-03 00:00:00+00:00,1
2025,2025_game_39,200,True,2025,2025_ev_39,371,regular,2025_game_39,cached,event_list_endpoint_validated_summary,1754692200,2025-08-08 22:30:00+00:00,39,3,3,,37,2025_ev_39,371,3,3,final,2025-08-08 22:30:00+00:00,1
2025,2025_game_40,200,True,2025,2025_ev_40,372,regular,2025_game_40,cached,event_list_endpoint_validated_summary,1754701200,2025-08-09 01:00:00+00:00,40,3,3,,38,2025_ev_40,372,3,3,final,2025-08-09 01:00:00+00:00,1
2025,2025_game_41,200,True,2025,2025_ev_41,373,regular,2025_game_41,cached,event_list_endpoint_validated_summary,1754758800,2025-08-09 17:00:00+00:00,41,3,3,,39,2025_ev_41,373,3,3,final,2025-08-09 17:00:00+00:00,1
2025,2025_game_42,200,True,2025,2025_ev_42,374,regular,2025_game_42,cached,event_list_endpoint_validated_summary,1754780400,2025-08-09 23:00:00+00:00,42,3,3,,40,2025_ev_42,374,3,3,final,2025-08-09 23:00:00+00:00,1
2026,2026-ev-1,200,True,2026,2026_game_1,465,regular,2026-ev-1,cached,event_list_endpoint_validated_summary,1778284800,2026-05-09 00:00:00+00:00,1,3,3,,1,2026_game_1,465,3,3,final,2026-05-09 00:00:00+00:00,1
2026,2026-ev-2,200,True,2026,2026_game_2,466,regular,2026-ev-2,cached,event_list_endpoint_validated_summary,1778293800,2026-05-09 02:30:00+00:00,2,3,3,,2,2026_game_2,466,3,3,final,2026-05-09 02:30:00+00:00,1
2026,2026-ev-4,200,True,2026,2026_game_4,468,regular,2026-ev-4,cached,event_list_endpoint_validated_summary,1778358600,2026-05-09 20:30:00+00:00,4,3,3,,3,2026_game_4,468,3,3,final,2026-05-09 20:30:00+00:00,1
2026,2026-ev-3,200,True,2026,2026_game_3,467,regular,2026-ev-3,cached,event_list_endpoint_validated_summary,1778367600,2026-05-09 23:00:00+00:00,3,3,3,,4,2026_game_3,467,3,3,final,2026-05-09 23:00:00+00:00,1
2026,2026-ev-5,200,True,2026,2026_game_5,470,regular,2026-ev-5,cached,event_list_endpoint_validated_summary,1778882400,2026-05-15 22:00:00+00:00,5,3,3,,5,2026_game_5,470,3,3,final,2026-05-15 22:00:00+00:00,1
2026,2026-ev-6,200,True,2026,2026_game_6,471,regular,2026-ev-6,cached,event_list_endpoint_validated_summary,1778891400,2026-05-16 00:30:00+00:00,6,3,3,,6,2026_game_6,471,3,3,final,2026-05-16 00:30:00+00:00,1
2026,2026-ev-7,200,True,2026,2026_game_7,472,regular,2026-ev-7,cached,event_list_endpoint_validated_summary,1778950800,2026-05-16 17:00:00+00:00,7,3,3,,7,2026_game_7,472,3,3,final,2026-05-16 17:00:00+00:00,1
2026,2026-ev-8,200,True,2026,2026_game_8,473,regular,2026-ev-8,cached,event_list_endpoint_validated_summary,1778976000,2026-05-17 00:00:00+00:00,8,3,3,,8,2026_game_8,473,3,3,final,2026-05-17 00:00:00+00:00,1
