season,game_id,game_slug,player_stats_url,player_status_code,player_cache_status,player_rows_detected,team_stats_url,team_status_code,team_cache_status,team_rows_detected,checked_at_utc
2022,2022_ev1,whipsnakes-chaos-2022-6-04,https://api.stats.premierlacrosseleague.com/api/v4/events/whipsnakes-chaos-2022-6-04/players/stats,200,downloaded,36,https://api.stats.premierlacrosseleague.com/api/v4/events/whipsnakes-chaos-2022-6-04/teams/stats,200,downloaded,2,2026-05-19T20:59:51Z
2022,2022_ev2,redwoods-atlas-2022-6-04,https://api.stats.premierlacrosseleague.com/api/v4/events/redwoods-atlas-2022-6-04/players/stats,200,downloaded,38,https://api.stats.premierlacrosseleague.com/api/v4/events/redwoods-atlas-2022-6-04/teams/stats,200,downloaded,2,2026-05-19T20:59:51Z
2022,2022_ev3,waterdogs-cannons-2022-6-05,https://api.stats.premierlacrosseleague.com/api/v4/events/waterdogs-cannons-2022-6-05/players/stats,200,downloaded,36,https://api.stats.premierlacrosseleague.com/api/v4/events/waterdogs-cannons-2022-6-05/teams/stats,200,downloaded,2,2026-05-19T20:59:52Z
2022,2022_ev4,chrome-archers-2022-6-05,https://api.stats.premierlacrosseleague.com/api/v4/events/chrome-archers-2022-6-05/players/stats,200,downloaded,36,https://api.stats.premierlacrosseleague.com/api/v4/events/chrome-archers-2022-6-05/teams/stats,200,downloaded,2,2026-05-19T20:59:52Z
2022,2022_ev5,chrome-redwoods-2022-6-10,https://api.stats.premierlacrosseleague.com/api/v4/events/chrome-redwoods-2022-6-10/players/stats,200,downloaded,36,https://api.stats.premierlacrosseleague.com/api/v4/events/chrome-redwoods-2022-6-10/teams/stats,200,downloaded,2,2026-05-19T20:59:53Z
2022,2022_ev6,chaos-archers-2022-6-10,https://api.stats.premierlacrosseleague.com/api/v4/events/chaos-archers-2022-6-10/players/stats,200,downloaded,34,https://api.stats.premierlacrosseleague.com/api/v4/events/chaos-archers-2022-6-10/teams/stats,200,downloaded,2,2026-05-19T20:59:53Z
2022,2022_ev7,atlas-cannons-2022-6-11,https://api.stats.premierlacrosseleague.com/api/v4/events/atlas-cannons-2022-6-11/players/stats,200,downloaded,36,https://api.stats.premierlacrosseleague.com/api/v4/events/atlas-cannons-2022-6-11/teams/stats,200,downloaded,2,2026-05-19T20:59:53Z
2022,2022_ev8,whipsnakes-waterdogs-2022-6-11,https://api.stats.premierlacrosseleague.com/api/v4/events/whipsnakes-waterdogs-2022-6-11/players/stats,200,downloaded,36,https://api.stats.premierlacrosseleague.com/api/v4/events/whipsnakes-waterdogs-2022-6-11/teams/stats,200,downloaded,2,2026-05-19T20:59:54Z
2022,2022_ev9,waterdogs-chrome-2022-6-17,https://api.stats.premierlacrosseleague.com/api/v4/events/waterdogs-chrome-2022-6-17/players/stats,200,downloaded,36,https://api.stats.premierlacrosseleague.com/api/v4/events/waterdogs-chrome-2022-6-17/teams/stats,200,downloaded,2,2026-05-19T20:59:54Z
2022,2022_ev10,atlas-whipsnakes-2022-6-17,https://api.stats.premierlacrosseleague.com/api/v4/events/atlas-whipsnakes-2022-6-17/players/stats,200,downloaded,36,https://api.stats.premierlacrosseleague.com/api/v4/events/atlas-whipsnakes-2022-6-17/teams/stats,200,downloaded,2,2026-05-19T20:59:55Z
2022,2022_ev11,archers-cannons-2022-6-18,https://api.stats.premierlacrosseleague.com/api/v4/events/archers-cannons-2022-6-18/players/stats,200,downloaded,37,https://api.stats.premierlacrosseleague.com/api/v4/events/archers-cannons-2022-6-18/teams/stats,200,downloaded,2,2026-05-19T20:59:55Z
2022,2022_ev12,redwoods-chaos-2022-6-18-1,https://api.stats.premierlacrosseleague.com/api/v4/events/redwoods-chaos-2022-6-18-1/players/stats,200,downloaded,35,https://api.stats.premierlacrosseleague.com/api/v4/events/redwoods-chaos-2022-6-18-1/teams/stats,200,downloaded,2,2026-05-19T20:59:55Z
2022,2022_ev13,redwoods-whipsnakes-2022-6-24,https://api.stats.premierlacrosseleague.com/api/v4/events/redwoods-whipsnakes-2022-6-24/players/stats,200,downloaded,36,https://api.stats.premierlacrosseleague.com/api/v4/events/redwoods-whipsnakes-2022-6-24/teams/stats,200,downloaded,2,2026-05-19T20:59:56Z
2022,2022_ev14,chaos-waterdogs-2022-6-24,https://api.stats.premierlacrosseleague.com/api/v4/events/chaos-waterdogs-2022-6-24/players/stats,200,downloaded,36,https://api.stats.premierlacrosseleague.com/api/v4/events/chaos-waterdogs-2022-6-24/teams/stats,200,downloaded,2,2026-05-19T20:59:56Z
2022,2022_ev15,cannons-chrome-2022-6-25,https://api.stats.premierlacrosseleague.com/api/v4/events/cannons-chrome-2022-6-25/players/stats,200,downloaded,36,https://api.stats.premierlacrosseleague.com/api/v4/events/cannons-chrome-2022-6-25/teams/stats,200,downloaded,2,2026-05-19T20:59:56Z
2022,2022_ev16,archers-atlas-2022-6-25,https://api.stats.premierlacrosseleague.com/api/v4/events/archers-atlas-2022-6-25/players/stats,200,downloaded,36,https://api.stats.premierlacrosseleague.com/api/v4/events/archers-atlas-2022-6-25/teams/stats,200,downloaded,2,2026-05-19T20:59:57Z
2022,2022_ev17,archers-redwoods-2022-7-1,https://api.stats.premierlacrosseleague.com/api/v4/events/archers-redwoods-2022-7-1/players/stats,200,downloaded,36,https://api.stats.premierlacrosseleague.com/api/v4/events/archers-redwoods-2022-7-1/teams/stats,200,downloaded,2,2026-05-19T20:59:57Z
2022,2022_ev18,atlas-chrome-2022-7-1,https://api.stats.premierlacrosseleague.com/api/v4/events/atlas-chrome-2022-7-1/players/stats,200,downloaded,36,https://api.stats.premierlacrosseleague.com/api/v4/events/atlas-chrome-2022-7-1/teams/stats,200,downloaded,2,2026-05-19T20:59:58Z
2022,2022_ev19,chaos-cannons-2022-7-2,https://api.stats.premierlacrosseleague.com/api/v4/events/chaos-cannons-2022-7-2/players/stats,200,downloaded,36,https://api.stats.premierlacrosseleague.com/api/v4/events/chaos-cannons-2022-7-2/teams/stats,200,downloaded,2,2026-05-19T20:59:58Z
2022,2022_ev20,whipsnakes-waterdogs-2022-7-2,https://api.stats.premierlacrosseleague.com/api/v4/events/whipsnakes-waterdogs-2022-7-2/players/stats,200,downloaded,36,https://api.stats.premierlacrosseleague.com/api/v4/events/whipsnakes-waterdogs-2022-7-2/teams/stats,200,downloaded,2,2026-05-19T20:59:58Z
2022,2022_ev22,all-star-skills-2022-7-1,https://api.stats.premierlacrosseleague.com/api/v4/events/all-star-skills-2022-7-1/players/stats,200,downloaded,0,https://api.stats.premierlacrosseleague.com/api/v4/events/all-star-skills-2022-7-1/teams/stats,200,downloaded,0,2026-05-19T20:59:59Z
2022,2022_ev23,redwoods-atlas-2022-7-23,https://api.stats.premierlacrosseleague.com/api/v4/events/redwoods-atlas-2022-7-23/players/stats,200,downloaded,36,https://api.stats.premierlacrosseleague.com/api/v4/events/redwoods-atlas-2022-7-23/teams/stats,200,downloaded,2,2026-05-19T20:59:59Z
2022,2022_ev24,whipsnakes-chaos-2022-7-23,https://api.stats.premierlacrosseleague.com/api/v4/events/whipsnakes-chaos-2022-7-23/players/stats,200,downloaded,36,https://api.stats.premierlacrosseleague.com/api/v4/events/whipsnakes-chaos-2022-7-23/teams/stats,200,downloaded,2,2026-05-19T20:59:59Z
2022,2022_ev25,cannons-archers-2022-7-24,https://api.stats.premierlacrosseleague.com/api/v4/events/cannons-archers-2022-7-24/players/stats,200,downloaded,36,https://api.stats.premierlacrosseleague.com/api/v4/events/cannons-archers-2022-7-24/teams/stats,200,downloaded,2,2026-05-19T21:00:00Z
2022,2022_ev26,chrome-waterdogs-2022-7-24,https://api.stats.premierlacrosseleague.com/api/v4/events/chrome-waterdogs-2022-7-24/players/stats,200,downloaded,36,https://api.stats.premierlacrosseleague.com/api/v4/events/chrome-waterdogs-2022-7-24/teams/stats,200,downloaded,2,2026-05-19T21:00:00Z
2022,2022_ev27,archers-atlas-2022-7-30,https://api.stats.premierlacrosseleague.com/api/v4/events/archers-atlas-2022-7-30/players/stats,200,downloaded,37,https://api.stats.premierlacrosseleague.com/api/v4/events/archers-atlas-2022-7-30/teams/stats,200,downloaded,2,2026-05-19T21:00:01Z
2022,2022_ev28,chrome-whipsnakes-2022-7-30,https://api.stats.premierlacrosseleague.com/api/v4/events/chrome-whipsnakes-2022-7-30/players/stats,200,downloaded,36,https://api.stats.premierlacrosseleague.com/api/v4/events/chrome-whipsnakes-2022-7-30/teams/stats,200,downloaded,2,2026-05-19T21:00:01Z
2022,2022_ev29,waterdogs-cannons-2022-7-31,https://api.stats.premierlacrosseleague.com/api/v4/events/waterdogs-cannons-2022-7-31/players/stats,200,downloaded,35,https://api.stats.premierlacrosseleague.com/api/v4/events/waterdogs-cannons-2022-7-31/teams/stats,200,downloaded,2,2026-05-19T21:00:01Z
2022,2022_ev30,redwoods-chaos-2022-7-31,https://api.stats.premierlacrosseleague.com/api/v4/events/redwoods-chaos-2022-7-31/players/stats,200,downloaded,36,https://api.stats.premierlacrosseleague.com/api/v4/events/redwoods-chaos-2022-7-31/teams/stats,200,downloaded,2,2026-05-19T21:00:02Z
2022,2022_ev31,cannons-redwoods-2022-8-5,https://api.stats.premierlacrosseleague.com/api/v4/events/cannons-redwoods-2022-8-5/players/stats,200,downloaded,35,https://api.stats.premierlacrosseleague.com/api/v4/events/cannons-redwoods-2022-8-5/teams/stats,200,downloaded,2,2026-05-19T21:00:02Z
2022,2022_ev32,chaos-chrome-2022-8-6,https://api.stats.premierlacrosseleague.com/api/v4/events/chaos-chrome-2022-8-6/players/stats,200,downloaded,36,https://api.stats.premierlacrosseleague.com/api/v4/events/chaos-chrome-2022-8-6/teams/stats,200,downloaded,2,2026-05-19T21:00:02Z
2022,2022_ev33,waterdogs-atlas-2022-8-6,https://api.stats.premierlacrosseleague.com/api/v4/events/waterdogs-atlas-2022-8-6/players/stats,200,downloaded,36,https://api.stats.premierlacrosseleague.com/api/v4/events/waterdogs-atlas-2022-8-6/teams/stats,200,downloaded,2,2026-05-19T21:00:03Z
2022,2022_ev34,archers-whipsnakes-2022-8-6,https://api.stats.premierlacrosseleague.com/api/v4/events/archers-whipsnakes-2022-8-6/players/stats,200,downloaded,36,https://api.stats.premierlacrosseleague.com/api/v4/events/archers-whipsnakes-2022-8-6/teams/stats,200,downloaded,2,2026-05-19T21:00:03Z
2022,2022_ev35,atlas-whipsnakes-2022-8-12,https://api.stats.premierlacrosseleague.com/api/v4/events/atlas-whipsnakes-2022-8-12/players/stats,200,downloaded,36,https://api.stats.premierlacrosseleague.com/api/v4/events/atlas-whipsnakes-2022-8-12/teams/stats,200,downloaded,2,2026-05-19T21:00:04Z
2022,2022_ev36,waterdogs-redwoods-2022-8-12,https://api.stats.premierlacrosseleague.com/api/v4/events/waterdogs-redwoods-2022-8-12/players/stats,200,downloaded,36,https://api.stats.premierlacrosseleague.com/api/v4/events/waterdogs-redwoods-2022-8-12/teams/stats,200,downloaded,2,2026-05-19T21:00:04Z
2022,2022_ev37,chaos-archers-2022-8-13,https://api.stats.premierlacrosseleague.com/api/v4/events/chaos-archers-2022-8-13/players/stats,200,downloaded,36,https://api.stats.premierlacrosseleague.com/api/v4/events/chaos-archers-2022-8-13/teams/stats,200,downloaded,2,2026-05-19T21:00:04Z
2022,2022_ev38,cannons-chrome-2022-8-13,https://api.stats.premierlacrosseleague.com/api/v4/events/cannons-chrome-2022-8-13/players/stats,200,downloaded,37,https://api.stats.premierlacrosseleague.com/api/v4/events/cannons-chrome-2022-8-13/teams/stats,200,downloaded,2,2026-05-19T21:00:05Z
2022,2022_ev39,chrome-redwoods-2022-8-20,https://api.stats.premierlacrosseleague.com/api/v4/events/chrome-redwoods-2022-8-20/players/stats,200,downloaded,36,https://api.stats.premierlacrosseleague.com/api/v4/events/chrome-redwoods-2022-8-20/teams/stats,200,downloaded,2,2026-05-19T21:00:05Z
2022,2022_ev40,archers-waterdogs-2022-8-20,https://api.stats.premierlacrosseleague.com/api/v4/events/archers-waterdogs-2022-8-20/players/stats,200,downloaded,37,https://api.stats.premierlacrosseleague.com/api/v4/events/archers-waterdogs-2022-8-20/teams/stats,200,downloaded,2,2026-05-19T21:00:06Z
2022,2022_ev41,whipsnakes-cannons-2022-8-21,https://api.stats.premierlacrosseleague.com/api/v4/events/whipsnakes-cannons-2022-8-21/players/stats,200,downloaded,36,https://api.stats.premierlacrosseleague.com/api/v4/events/whipsnakes-cannons-2022-8-21/teams/stats,200,downloaded,2,2026-05-19T21:00:06Z
2022,2022_ev42,atlas-chaos-2022-8-21,https://api.stats.premierlacrosseleague.com/api/v4/events/atlas-chaos-2022-8-21/players/stats,200,downloaded,35,https://api.stats.premierlacrosseleague.com/api/v4/events/atlas-chaos-2022-8-21/teams/stats,200,downloaded,2,2026-05-19T21:00:06Z
2022,2022_ev43,playoffs-quarterfinal-1-2022-9-3,https://api.stats.premierlacrosseleague.com/api/v4/events/playoffs-quarterfinal-1-2022-9-3/players/stats,200,downloaded,36,https://api.stats.premierlacrosseleague.com/api/v4/events/playoffs-quarterfinal-1-2022-9-3/teams/stats,200,downloaded,2,2026-05-19T21:00:07Z
2022,2022_ev44,playoffs-quarterfinal-2-2022-9-3,https://api.stats.premierlacrosseleague.com/api/v4/events/playoffs-quarterfinal-2-2022-9-3/players/stats,200,downloaded,36,https://api.stats.premierlacrosseleague.com/api/v4/events/playoffs-quarterfinal-2-2022-9-3/teams/stats,200,downloaded,2,2026-05-19T21:00:07Z
2022,2022_ev45,playoffs-quarterfinal-3-2022-9-3,https://api.stats.premierlacrosseleague.com/api/v4/events/playoffs-quarterfinal-3-2022-9-3/players/stats,200,downloaded,37,https://api.stats.premierlacrosseleague.com/api/v4/events/playoffs-quarterfinal-3-2022-9-3/teams/stats,200,downloaded,2,2026-05-19T21:00:07Z
2022,2022_ev46,playoffs-semifinal-1-2022-9-11,https://api.stats.premierlacrosseleague.com/api/v4/events/playoffs-semifinal-1-2022-9-11/players/stats,200,downloaded,36,https://api.stats.premierlacrosseleague.com/api/v4/events/playoffs-semifinal-1-2022-9-11/teams/stats,200,downloaded,2,2026-05-19T21:00:08Z
2022,2022_ev47,playoffs-semifinal-2-2022-9-11,https://api.stats.premierlacrosseleague.com/api/v4/events/playoffs-semifinal-2-2022-9-11/players/stats,200,downloaded,36,https://api.stats.premierlacrosseleague.com/api/v4/events/playoffs-semifinal-2-2022-9-11/teams/stats,200,downloaded,2,2026-05-19T21:00:08Z
2022,2022_ev48,championship-2022-9-18,https://api.stats.premierlacrosseleague.com/api/v4/events/championship-2022-9-18/players/stats,200,downloaded,36,https://api.stats.premierlacrosseleague.com/api/v4/events/championship-2022-9-18/teams/stats,200,downloaded,2,2026-05-19T21:00:09Z
2022,2022_ev100,scrimmage-1-2022-5-31,https://api.stats.premierlacrosseleague.com/api/v4/events/scrimmage-1-2022-5-31/players/stats,200,downloaded,25,https://api.stats.premierlacrosseleague.com/api/v4/events/scrimmage-1-2022-5-31/teams/stats,200,downloaded,2,2026-05-19T21:00:09Z
2022,2022_ev101,scrimmage-2-2022-5-31,https://api.stats.premierlacrosseleague.com/api/v4/events/scrimmage-2-2022-5-31/players/stats,200,downloaded,25,https://api.stats.premierlacrosseleague.com/api/v4/events/scrimmage-2-2022-5-31/teams/stats,200,downloaded,2,2026-05-19T21:00:09Z
2022,2022_ev102,scrimmage-3-2022-5-31,https://api.stats.premierlacrosseleague.com/api/v4/events/scrimmage-3-2022-5-31/players/stats,200,downloaded,23,https://api.stats.premierlacrosseleague.com/api/v4/events/scrimmage-3-2022-5-31/teams/stats,200,downloaded,2,2026-05-19T21:00:10Z
2022,2022_ev103,scrimmage-4-2022-5-31,https://api.stats.premierlacrosseleague.com/api/v4/events/scrimmage-4-2022-5-31/players/stats,200,downloaded,26,https://api.stats.premierlacrosseleague.com/api/v4/events/scrimmage-4-2022-5-31/teams/stats,200,downloaded,2,2026-05-19T21:00:10Z
2022,2022_game_2022,all-star-game-2022-7-1,https://api.stats.premierlacrosseleague.com/api/v4/events/all-star-game-2022-7-1/players/stats,200,downloaded,40,https://api.stats.premierlacrosseleague.com/api/v4/events/all-star-game-2022-7-1/teams/stats,200,downloaded,2,2026-05-19T21:00:10Z
2023,2023_game_1,game-1-2023-06-02,https://api.stats.premierlacrosseleague.com/api/v4/events/game-1-2023-06-02/players/stats,200,downloaded,36,https://api.stats.premierlacrosseleague.com/api/v4/events/game-1-2023-06-02/teams/stats,200,downloaded,2,2026-05-19T21:00:11Z
2023,2023_game_2,game-2-2023-06-02,https://api.stats.premierlacrosseleague.com/api/v4/events/game-2-2023-06-02/players/stats,200,downloaded,38,https://api.stats.premierlacrosseleague.com/api/v4/events/game-2-2023-06-02/teams/stats,200,downloaded,2,2026-05-19T21:00:11Z
2023,2023_game_3,game-3-2023-06-02,https://api.stats.premierlacrosseleague.com/api/v4/events/game-3-2023-06-02/players/stats,200,downloaded,33,https://api.stats.premierlacrosseleague.com/api/v4/events/game-3-2023-06-02/teams/stats,200,downloaded,2,2026-05-19T21:00:12Z
2023,2023_game_4,game-4-2023-06-02,https://api.stats.premierlacrosseleague.com/api/v4/events/game-4-2023-06-02/players/stats,200,downloaded,36,https://api.stats.premierlacrosseleague.com/api/v4/events/game-4-2023-06-02/teams/stats,200,downloaded,2,2026-05-19T21:00:12Z
2023,2023_game_5,game-5-2023-06-09,https://api.stats.premierlacrosseleague.com/api/v4/events/game-5-2023-06-09/players/stats,200,downloaded,36,https://api.stats.premierlacrosseleague.com/api/v4/events/game-5-2023-06-09/teams/stats,200,downloaded,2,2026-05-19T21:00:12Z
2023,2023_game_6,game-6-2023-06-09,https://api.stats.premierlacrosseleague.com/api/v4/events/game-6-2023-06-09/players/stats,200,downloaded,36,https://api.stats.premierlacrosseleague.com/api/v4/events/game-6-2023-06-09/teams/stats,200,downloaded,2,2026-05-19T21:00:13Z
2023,2023_game_7,game-7-2023-06-09,https://api.stats.premierlacrosseleague.com/api/v4/events/game-7-2023-06-09/players/stats,200,downloaded,36,https://api.stats.premierlacrosseleague.com/api/v4/events/game-7-2023-06-09/teams/stats,200,downloaded,2,2026-05-19T21:00:13Z
2023,2023_game_8,game-8-2023-06-09,https://api.stats.premierlacrosseleague.com/api/v4/events/game-8-2023-06-09/players/stats,200,downloaded,36,https://api.stats.premierlacrosseleague.com/api/v4/events/game-8-2023-06-09/teams/stats,200,downloaded,2,2026-05-19T21:00:14Z
2023,2023_game_9,game-9-2023-06-16,https://api.stats.premierlacrosseleague.com/api/v4/events/game-9-2023-06-16/players/stats,200,downloaded,37,https://api.stats.premierlacrosseleague.com/api/v4/events/game-9-2023-06-16/teams/stats,200,downloaded,2,2026-05-19T21:00:14Z
2023,2023_game_10,game-10-2023-06-16,https://api.stats.premierlacrosseleague.com/api/v4/events/game-10-2023-06-16/players/stats,200,downloaded,37,https://api.stats.premierlacrosseleague.com/api/v4/events/game-10-2023-06-16/teams/stats,200,downloaded,2,2026-05-19T21:00:14Z
2023,2023_game_11,game-11-2023-06-16,https://api.stats.premierlacrosseleague.com/api/v4/events/game-11-2023-06-16/players/stats,200,downloaded,36,https://api.stats.premierlacrosseleague.com/api/v4/events/game-11-2023-06-16/teams/stats,200,downloaded,2,2026-05-19T21:00:15Z
2023,2023_game_12,game-12-2023-06-16,https://api.stats.premierlacrosseleague.com/api/v4/events/game-12-2023-06-16/players/stats,200,downloaded,36,https://api.stats.premierlacrosseleague.com/api/v4/events/game-12-2023-06-16/teams/stats,200,downloaded,2,2026-05-19T21:00:15Z
2023,2023_game_13,game-13-2023-07-07,https://api.stats.premierlacrosseleague.com/api/v4/events/game-13-2023-07-07/players/stats,200,downloaded,36,https://api.stats.premierlacrosseleague.com/api/v4/events/game-13-2023-07-07/teams/stats,200,downloaded,2,2026-05-19T21:00:16Z
2023,2023_game_14,game-14-2023-07-07,https://api.stats.premierlacrosseleague.com/api/v4/events/game-14-2023-07-07/players/stats,200,downloaded,37,https://api.stats.premierlacrosseleague.com/api/v4/events/game-14-2023-07-07/teams/stats,200,downloaded,2,2026-05-19T21:00:16Z
2023,2023_game_15,game-15-2023-07-07,https://api.stats.premierlacrosseleague.com/api/v4/events/game-15-2023-07-07/players/stats,200,downloaded,36,https://api.stats.premierlacrosseleague.com/api/v4/events/game-15-2023-07-07/teams/stats,200,downloaded,2,2026-05-19T21:00:16Z
2023,2023_game_16,game-16-2023-07-07,https://api.stats.premierlacrosseleague.com/api/v4/events/game-16-2023-07-07/players/stats,200,downloaded,36,https://api.stats.premierlacrosseleague.com/api/v4/events/game-16-2023-07-07/teams/stats,200,downloaded,2,2026-05-19T21:00:17Z
2023,2023_game_17,game-17-2023-07-14,https://api.stats.premierlacrosseleague.com/api/v4/events/game-17-2023-07-14/players/stats,200,downloaded,37,https://api.stats.premierlacrosseleague.com/api/v4/events/game-17-2023-07-14/teams/stats,200,downloaded,2,2026-05-19T21:00:17Z
2023,2023_game_18,game-18-2023-07-14,https://api.stats.premierlacrosseleague.com/api/v4/events/game-18-2023-07-14/players/stats,200,downloaded,36,https://api.stats.premierlacrosseleague.com/api/v4/events/game-18-2023-07-14/teams/stats,200,downloaded,2,2026-05-19T21:00:17Z
2023,2023_game_19,game-19-2023-07-14,https://api.stats.premierlacrosseleague.com/api/v4/events/game-19-2023-07-14/players/stats,200,downloaded,37,https://api.stats.premierlacrosseleague.com/api/v4/events/game-19-2023-07-14/teams/stats,200,downloaded,2,2026-05-19T21:00:18Z
2023,2023_game_20,game-20-2023-07-14,https://api.stats.premierlacrosseleague.com/api/v4/events/game-20-2023-07-14/players/stats,200,downloaded,36,https://api.stats.premierlacrosseleague.com/api/v4/events/game-20-2023-07-14/teams/stats,200,downloaded,2,2026-05-19T21:00:18Z
2023,2023_ev22,all-star-skills-2023-07-21,https://api.stats.premierlacrosseleague.com/api/v4/events/all-star-skills-2023-07-21/players/stats,200,downloaded,0,https://api.stats.premierlacrosseleague.com/api/v4/events/all-star-skills-2023-07-21/teams/stats,200,downloaded,0,2026-05-19T21:00:19Z
2023,2023_game_23,game-23-2023-07-28,https://api.stats.premierlacrosseleague.com/api/v4/events/game-23-2023-07-28/players/stats,200,downloaded,37,https://api.stats.premierlacrosseleague.com/api/v4/events/game-23-2023-07-28/teams/stats,200,downloaded,2,2026-05-19T21:00:19Z
2023,2023_game_24,game-24-2023-07-28,https://api.stats.premierlacrosseleague.com/api/v4/events/game-24-2023-07-28/players/stats,200,downloaded,36,https://api.stats.premierlacrosseleague.com/api/v4/events/game-24-2023-07-28/teams/stats,200,downloaded,2,2026-05-19T21:00:19Z
2023,2023_game_25,game-25-2023-07-28,https://api.stats.premierlacrosseleague.com/api/v4/events/game-25-2023-07-28/players/stats,200,downloaded,36,https://api.stats.premierlacrosseleague.com/api/v4/events/game-25-2023-07-28/teams/stats,200,downloaded,2,2026-05-19T21:00:20Z
2023,2023_game_26,game-26-2023-07-28,https://api.stats.premierlacrosseleague.com/api/v4/events/game-26-2023-07-28/players/stats,200,downloaded,36,https://api.stats.premierlacrosseleague.com/api/v4/events/game-26-2023-07-28/teams/stats,200,downloaded,2,2026-05-19T21:00:20Z
2023,2023_game_27,game-27-2023-08-04,https://api.stats.premierlacrosseleague.com/api/v4/events/game-27-2023-08-04/players/stats,200,downloaded,36,https://api.stats.premierlacrosseleague.com/api/v4/events/game-27-2023-08-04/teams/stats,200,downloaded,2,2026-05-19T21:00:20Z
2023,2023_game_28,game-28-2023-08-04,https://api.stats.premierlacrosseleague.com/api/v4/events/game-28-2023-08-04/players/stats,200,downloaded,36,https://api.stats.premierlacrosseleague.com/api/v4/events/game-28-2023-08-04/teams/stats,200,downloaded,2,2026-05-19T21:00:21Z
2023,2023_game_29,game-29-2023-08-04,https://api.stats.premierlacrosseleague.com/api/v4/events/game-29-2023-08-04/players/stats,200,downloaded,37,https://api.stats.premierlacrosseleague.com/api/v4/events/game-29-2023-08-04/teams/stats,200,downloaded,2,2026-05-19T21:00:21Z
2023,2023_game_30,game-30-2023-08-04,https://api.stats.premierlacrosseleague.com/api/v4/events/game-30-2023-08-04/players/stats,200,downloaded,36,https://api.stats.premierlacrosseleague.com/api/v4/events/game-30-2023-08-04/teams/stats,200,downloaded,2,2026-05-19T21:00:22Z
2023,2023_game_31,game-31-2023-08-11,https://api.stats.premierlacrosseleague.com/api/v4/events/game-31-2023-08-11/players/stats,200,downloaded,36,https://api.stats.premierlacrosseleague.com/api/v4/events/game-31-2023-08-11/teams/stats,200,downloaded,2,2026-05-19T21:00:22Z
2023,2023_game_32,game-32-2023-08-11,https://api.stats.premierlacrosseleague.com/api/v4/events/game-32-2023-08-11/players/stats,200,downloaded,38,https://api.stats.premierlacrosseleague.com/api/v4/events/game-32-2023-08-11/teams/stats,200,downloaded,2,2026-05-19T21:00:22Z
2023,2023_game_33,game-33-2023-08-11,https://api.stats.premierlacrosseleague.com/api/v4/events/game-33-2023-08-11/players/stats,200,downloaded,36,https://api.stats.premierlacrosseleague.com/api/v4/events/game-33-2023-08-11/teams/stats,200,downloaded,2,2026-05-19T21:00:23Z
2023,2023_game_34,game-34-2023-08-11,https://api.stats.premierlacrosseleague.com/api/v4/events/game-34-2023-08-11/players/stats,200,downloaded,36,https://api.stats.premierlacrosseleague.com/api/v4/events/game-34-2023-08-11/teams/stats,200,downloaded,2,2026-05-19T21:00:23Z
2023,2023_game_35,game-35-2023-08-18,https://api.stats.premierlacrosseleague.com/api/v4/events/game-35-2023-08-18/players/stats,200,downloaded,37,https://api.stats.premierlacrosseleague.com/api/v4/events/game-35-2023-08-18/teams/stats,200,downloaded,2,2026-05-19T21:00:24Z
2023,2023_game_36,game-36-2023-08-18,https://api.stats.premierlacrosseleague.com/api/v4/events/game-36-2023-08-18/players/stats,200,downloaded,36,https://api.stats.premierlacrosseleague.com/api/v4/events/game-36-2023-08-18/teams/stats,200,downloaded,2,2026-05-19T21:00:24Z
2023,2023_game_37,game-37-2023-08-18,https://api.stats.premierlacrosseleague.com/api/v4/events/game-37-2023-08-18/players/stats,200,downloaded,36,https://api.stats.premierlacrosseleague.com/api/v4/events/game-37-2023-08-18/teams/stats,200,downloaded,2,2026-05-19T21:00:24Z
2023,2023_game_38,game-38-2023-08-18,https://api.stats.premierlacrosseleague.com/api/v4/events/game-38-2023-08-18/players/stats,200,downloaded,36,https://api.stats.premierlacrosseleague.com/api/v4/events/game-38-2023-08-18/teams/stats,200,downloaded,2,2026-05-19T21:00:25Z
2023,2023_game_39,game-39-2023-08-25,https://api.stats.premierlacrosseleague.com/api/v4/events/game-39-2023-08-25/players/stats,200,downloaded,38,https://api.stats.premierlacrosseleague.com/api/v4/events/game-39-2023-08-25/teams/stats,200,downloaded,2,2026-05-19T21:00:25Z
2023,2023_game_40,game-40-2023-08-25,https://api.stats.premierlacrosseleague.com/api/v4/events/game-40-2023-08-25/players/stats,200,downloaded,36,https://api.stats.premierlacrosseleague.com/api/v4/events/game-40-2023-08-25/teams/stats,200,downloaded,2,2026-05-19T21:00:25Z
2023,2023_game_41,game-41-2023-08-25,https://api.stats.premierlacrosseleague.com/api/v4/events/game-41-2023-08-25/players/stats,200,downloaded,36,https://api.stats.premierlacrosseleague.com/api/v4/events/game-41-2023-08-25/teams/stats,200,downloaded,2,2026-05-19T21:00:26Z
2023,2023_game_42,game-42-2023-08-25,https://api.stats.premierlacrosseleague.com/api/v4/events/game-42-2023-08-25/players/stats,200,downloaded,37,https://api.stats.premierlacrosseleague.com/api/v4/events/game-42-2023-08-25/teams/stats,200,downloaded,2,2026-05-19T21:00:26Z
2023,2023_ev43,playoffs-quarterfinal-1-2023-9-1,https://api.stats.premierlacrosseleague.com/api/v4/events/playoffs-quarterfinal-1-2023-9-1/players/stats,200,downloaded,37,https://api.stats.premierlacrosseleague.com/api/v4/events/playoffs-quarterfinal-1-2023-9-1/teams/stats,200,downloaded,2,2026-05-19T21:00:27Z
2023,2023_ev44,playoffs-quarterfinal-2-2023-9-1,https://api.stats.premierlacrosseleague.com/api/v4/events/playoffs-quarterfinal-2-2023-9-1/players/stats,200,downloaded,37,https://api.stats.premierlacrosseleague.com/api/v4/events/playoffs-quarterfinal-2-2023-9-1/teams/stats,200,downloaded,2,2026-05-19T21:00:27Z
2023,2023_ev45,playoffs-quarterfinal-3-2023-9-1,https://api.stats.premierlacrosseleague.com/api/v4/events/playoffs-quarterfinal-3-2023-9-1/players/stats,200,downloaded,37,https://api.stats.premierlacrosseleague.com/api/v4/events/playoffs-quarterfinal-3-2023-9-1/teams/stats,200,downloaded,2,2026-05-19T21:00:27Z
2023,2023_ev46,playoffs-semifinal-1-2023-9-8,https://api.stats.premierlacrosseleague.com/api/v4/events/playoffs-semifinal-1-2023-9-8/players/stats,200,downloaded,37,https://api.stats.premierlacrosseleague.com/api/v4/events/playoffs-semifinal-1-2023-9-8/teams/stats,200,downloaded,2,2026-05-19T21:00:28Z
2023,2023_ev47,playoffs-semifinal-2-2023-9-8,https://api.stats.premierlacrosseleague.com/api/v4/events/playoffs-semifinal-2-2023-9-8/players/stats,200,downloaded,37,https://api.stats.premierlacrosseleague.com/api/v4/events/playoffs-semifinal-2-2023-9-8/teams/stats,200,downloaded,2,2026-05-19T21:00:28Z
2023,2023_ev48,championship-2023-9-22,https://api.stats.premierlacrosseleague.com/api/v4/events/championship-2023-9-22/players/stats,200,downloaded,37,https://api.stats.premierlacrosseleague.com/api/v4/events/championship-2023-9-22/teams/stats,200,downloaded,2,2026-05-19T21:00:29Z
2023,2023_game_2023,all-star-game-2023-07-21,https://api.stats.premierlacrosseleague.com/api/v4/events/all-star-game-2023-07-21/players/stats,200,downloaded,0,https://api.stats.premierlacrosseleague.com/api/v4/events/all-star-game-2023-07-21/teams/stats,200,downloaded,2,2026-05-19T21:00:29Z
2024,2024_game_1,2024_game_1,https://api.stats.premierlacrosseleague.com/api/v4/events/2024_game_1/players/stats,200,downloaded,37,https://api.stats.premierlacrosseleague.com/api/v4/events/2024_game_1/teams/stats,200,downloaded,2,2026-05-19T21:00:29Z
2024,2024_game_2,2024_game_2,https://api.stats.premierlacrosseleague.com/api/v4/events/2024_game_2/players/stats,200,downloaded,36,https://api.stats.premierlacrosseleague.com/api/v4/events/2024_game_2/teams/stats,200,downloaded,2,2026-05-19T21:00:30Z
2024,2024_game_3,2024_game_3,https://api.stats.premierlacrosseleague.com/api/v4/events/2024_game_3/players/stats,200,downloaded,37,https://api.stats.premierlacrosseleague.com/api/v4/events/2024_game_3/teams/stats,200,downloaded,2,2026-05-19T21:00:30Z
2024,2024_game_4,2024_game_4,https://api.stats.premierlacrosseleague.com/api/v4/events/2024_game_4/players/stats,200,downloaded,37,https://api.stats.premierlacrosseleague.com/api/v4/events/2024_game_4/teams/stats,200,downloaded,2,2026-05-19T21:00:30Z
2024,2024_game_5,2024_game_5,https://api.stats.premierlacrosseleague.com/api/v4/events/2024_game_5/players/stats,200,downloaded,36,https://api.stats.premierlacrosseleague.com/api/v4/events/2024_game_5/teams/stats,200,downloaded,2,2026-05-19T21:00:31Z
2024,2024_game_6,2024_game_6,https://api.stats.premierlacrosseleague.com/api/v4/events/2024_game_6/players/stats,200,downloaded,35,https://api.stats.premierlacrosseleague.com/api/v4/events/2024_game_6/teams/stats,200,downloaded,2,2026-05-19T21:00:31Z
2024,2024_game_7,2024_game_7,https://api.stats.premierlacrosseleague.com/api/v4/events/2024_game_7/players/stats,200,downloaded,36,https://api.stats.premierlacrosseleague.com/api/v4/events/2024_game_7/teams/stats,200,downloaded,2,2026-05-19T21:00:32Z
2024,2024_game_8,2024_game_8,https://api.stats.premierlacrosseleague.com/api/v4/events/2024_game_8/players/stats,200,downloaded,36,https://api.stats.premierlacrosseleague.com/api/v4/events/2024_game_8/teams/stats,200,downloaded,2,2026-05-19T21:00:32Z
2024,2024_game_9,2024_game_9,https://api.stats.premierlacrosseleague.com/api/v4/events/2024_game_9/players/stats,200,downloaded,37,https://api.stats.premierlacrosseleague.com/api/v4/events/2024_game_9/teams/stats,200,downloaded,2,2026-05-19T21:00:32Z
2024,2024_game_10,2024_game_10,https://api.stats.premierlacrosseleague.com/api/v4/events/2024_game_10/players/stats,200,downloaded,35,https://api.stats.premierlacrosseleague.com/api/v4/events/2024_game_10/teams/stats,200,downloaded,2,2026-05-19T21:00:33Z
2024,2024_game_11,2024_game_11,https://api.stats.premierlacrosseleague.com/api/v4/events/2024_game_11/players/stats,200,downloaded,36,https://api.stats.premierlacrosseleague.com/api/v4/events/2024_game_11/teams/stats,200,downloaded,2,2026-05-19T21:00:33Z
2024,2024_game_12,2024_game_12,https://api.stats.premierlacrosseleague.com/api/v4/events/2024_game_12/players/stats,200,downloaded,36,https://api.stats.premierlacrosseleague.com/api/v4/events/2024_game_12/teams/stats,200,downloaded,2,2026-05-19T21:00:33Z
2024,2024_game_13,2024_game_13,https://api.stats.premierlacrosseleague.com/api/v4/events/2024_game_13/players/stats,200,downloaded,37,https://api.stats.premierlacrosseleague.com/api/v4/events/2024_game_13/teams/stats,200,downloaded,2,2026-05-19T21:00:34Z
2024,2024_game_14,2024_game_14,https://api.stats.premierlacrosseleague.com/api/v4/events/2024_game_14/players/stats,200,downloaded,36,https://api.stats.premierlacrosseleague.com/api/v4/events/2024_game_14/teams/stats,200,downloaded,2,2026-05-19T21:00:34Z
2024,2024_game_15,2024_game_15,https://api.stats.premierlacrosseleague.com/api/v4/events/2024_game_15/players/stats,200,downloaded,36,https://api.stats.premierlacrosseleague.com/api/v4/events/2024_game_15/teams/stats,200,downloaded,2,2026-05-19T21:00:35Z
2024,2024_game_16,2024_game_16,https://api.stats.premierlacrosseleague.com/api/v4/events/2024_game_16/players/stats,200,downloaded,36,https://api.stats.premierlacrosseleague.com/api/v4/events/2024_game_16/teams/stats,200,downloaded,2,2026-05-19T21:00:35Z
2024,2024_game_17,2024_game_17,https://api.stats.premierlacrosseleague.com/api/v4/events/2024_game_17/players/stats,200,downloaded,36,https://api.stats.premierlacrosseleague.com/api/v4/events/2024_game_17/teams/stats,200,downloaded,2,2026-05-19T21:00:35Z
2024,2024_game_18,2024_game_18,https://api.stats.premierlacrosseleague.com/api/v4/events/2024_game_18/players/stats,200,downloaded,36,https://api.stats.premierlacrosseleague.com/api/v4/events/2024_game_18/teams/stats,200,downloaded,2,2026-05-19T21:00:36Z
2024,2024_game_19,2024_game_19,https://api.stats.premierlacrosseleague.com/api/v4/events/2024_game_19/players/stats,200,downloaded,37,https://api.stats.premierlacrosseleague.com/api/v4/events/2024_game_19/teams/stats,200,downloaded,2,2026-05-19T21:00:36Z
2024,2024_game_20,2024_game_20,https://api.stats.premierlacrosseleague.com/api/v4/events/2024_game_20/players/stats,200,downloaded,37,https://api.stats.premierlacrosseleague.com/api/v4/events/2024_game_20/teams/stats,200,downloaded,2,2026-05-19T21:00:37Z
2024,2024_all_star_game,2024_all_star_game,https://api.stats.premierlacrosseleague.com/api/v4/events/2024_all_star_game/players/stats,200,downloaded,0,https://api.stats.premierlacrosseleague.com/api/v4/events/2024_all_star_game/teams/stats,200,downloaded,2,2026-05-19T21:00:37Z
2024,2024_all_star_skills,2024_all_star_skills,https://api.stats.premierlacrosseleague.com/api/v4/events/2024_all_star_skills/players/stats,200,downloaded,0,https://api.stats.premierlacrosseleague.com/api/v4/events/2024_all_star_skills/teams/stats,200,downloaded,0,2026-05-19T21:00:37Z
2024,2024_game_22,2024_game_22,https://api.stats.premierlacrosseleague.com/api/v4/events/2024_game_22/players/stats,200,downloaded,36,https://api.stats.premierlacrosseleague.com/api/v4/events/2024_game_22/teams/stats,200,downloaded,2,2026-05-19T21:00:38Z
2024,2024_game_23,2024_game_23,https://api.stats.premierlacrosseleague.com/api/v4/events/2024_game_23/players/stats,200,downloaded,36,https://api.stats.premierlacrosseleague.com/api/v4/events/2024_game_23/teams/stats,200,downloaded,2,2026-05-19T21:00:38Z
2024,2024_game_24,2024_game_24,https://api.stats.premierlacrosseleague.com/api/v4/events/2024_game_24/players/stats,200,downloaded,36,https://api.stats.premierlacrosseleague.com/api/v4/events/2024_game_24/teams/stats,200,downloaded,2,2026-05-19T21:00:38Z
2024,2024_game_25,2024_game_25,https://api.stats.premierlacrosseleague.com/api/v4/events/2024_game_25/players/stats,200,downloaded,37,https://api.stats.premierlacrosseleague.com/api/v4/events/2024_game_25/teams/stats,200,downloaded,2,2026-05-19T21:00:39Z
2024,2024_game_26,2024_game_26,https://api.stats.premierlacrosseleague.com/api/v4/events/2024_game_26/players/stats,200,downloaded,36,https://api.stats.premierlacrosseleague.com/api/v4/events/2024_game_26/teams/stats,200,downloaded,2,2026-05-19T21:00:39Z
2024,2024_game_27,2024_game_27,https://api.stats.premierlacrosseleague.com/api/v4/events/2024_game_27/players/stats,200,downloaded,36,https://api.stats.premierlacrosseleague.com/api/v4/events/2024_game_27/teams/stats,200,downloaded,2,2026-05-19T21:00:39Z
2024,2024_game_28,2024_game_28,https://api.stats.premierlacrosseleague.com/api/v4/events/2024_game_28/players/stats,200,downloaded,37,https://api.stats.premierlacrosseleague.com/api/v4/events/2024_game_28/teams/stats,200,downloaded,2,2026-05-19T21:00:40Z
2024,2024_game_29,2024_game_29,https://api.stats.premierlacrosseleague.com/api/v4/events/2024_game_29/players/stats,200,downloaded,36,https://api.stats.premierlacrosseleague.com/api/v4/events/2024_game_29/teams/stats,200,downloaded,2,2026-05-19T21:00:40Z
2024,2024_game_30,2024_game_30,https://api.stats.premierlacrosseleague.com/api/v4/events/2024_game_30/players/stats,200,downloaded,37,https://api.stats.premierlacrosseleague.com/api/v4/events/2024_game_30/teams/stats,200,downloaded,2,2026-05-19T21:00:41Z
2024,2024_game_31,2024_game_31,https://api.stats.premierlacrosseleague.com/api/v4/events/2024_game_31/players/stats,200,downloaded,37,https://api.stats.premierlacrosseleague.com/api/v4/events/2024_game_31/teams/stats,200,downloaded,2,2026-05-19T21:00:41Z
2024,2024_game_32,2024_game_32,https://api.stats.premierlacrosseleague.com/api/v4/events/2024_game_32/players/stats,200,downloaded,37,https://api.stats.premierlacrosseleague.com/api/v4/events/2024_game_32/teams/stats,200,downloaded,2,2026-05-19T21:00:41Z
2024,2024_game_33,2024_game_33,https://api.stats.premierlacrosseleague.com/api/v4/events/2024_game_33/players/stats,200,downloaded,36,https://api.stats.premierlacrosseleague.com/api/v4/events/2024_game_33/teams/stats,200,downloaded,2,2026-05-19T21:00:42Z
2024,2024_game_34,2024_game_34,https://api.stats.premierlacrosseleague.com/api/v4/events/2024_game_34/players/stats,200,downloaded,35,https://api.stats.premierlacrosseleague.com/api/v4/events/2024_game_34/teams/stats,200,downloaded,2,2026-05-19T21:00:42Z
2024,2024_game_35,2024_game_35,https://api.stats.premierlacrosseleague.com/api/v4/events/2024_game_35/players/stats,200,downloaded,37,https://api.stats.premierlacrosseleague.com/api/v4/events/2024_game_35/teams/stats,200,downloaded,2,2026-05-19T21:00:43Z
2024,2024_game_36,2024_game_36,https://api.stats.premierlacrosseleague.com/api/v4/events/2024_game_36/players/stats,200,downloaded,36,https://api.stats.premierlacrosseleague.com/api/v4/events/2024_game_36/teams/stats,200,downloaded,2,2026-05-19T21:00:43Z
2024,2024_game_37,2024_game_37,https://api.stats.premierlacrosseleague.com/api/v4/events/2024_game_37/players/stats,200,downloaded,36,https://api.stats.premierlacrosseleague.com/api/v4/events/2024_game_37/teams/stats,200,downloaded,2,2026-05-19T21:00:43Z
2024,2024_game_38,2024_game_38,https://api.stats.premierlacrosseleague.com/api/v4/events/2024_game_38/players/stats,200,downloaded,36,https://api.stats.premierlacrosseleague.com/api/v4/events/2024_game_38/teams/stats,200,downloaded,2,2026-05-19T21:00:44Z
2024,2024_game_39,2024_game_39,https://api.stats.premierlacrosseleague.com/api/v4/events/2024_game_39/players/stats,200,downloaded,37,https://api.stats.premierlacrosseleague.com/api/v4/events/2024_game_39/teams/stats,200,downloaded,2,2026-05-19T21:00:44Z
2024,2024_game_40,2024_game_40,https://api.stats.premierlacrosseleague.com/api/v4/events/2024_game_40/players/stats,200,downloaded,36,https://api.stats.premierlacrosseleague.com/api/v4/events/2024_game_40/teams/stats,200,downloaded,2,2026-05-19T21:00:45Z
2024,2024_game_41,2024_game_41,https://api.stats.premierlacrosseleague.com/api/v4/events/2024_game_41/players/stats,200,downloaded,36,https://api.stats.premierlacrosseleague.com/api/v4/events/2024_game_41/teams/stats,200,downloaded,2,2026-05-19T21:00:45Z
2024,2024_ev42,playoffs-quarterfinal-1-2024-9-2,https://api.stats.premierlacrosseleague.com/api/v4/events/playoffs-quarterfinal-1-2024-9-2/players/stats,200,downloaded,36,https://api.stats.premierlacrosseleague.com/api/v4/events/playoffs-quarterfinal-1-2024-9-2/teams/stats,200,downloaded,2,2026-05-19T21:00:45Z
2024,2024_ev43,playoffs-quarterfinal-2-2024-9-2,https://api.stats.premierlacrosseleague.com/api/v4/events/playoffs-quarterfinal-2-2024-9-2/players/stats,200,downloaded,36,https://api.stats.premierlacrosseleague.com/api/v4/events/playoffs-quarterfinal-2-2024-9-2/teams/stats,200,downloaded,2,2026-05-19T21:00:46Z
2024,2024_ev44,playoffs-semifinal-1-2024-9-8,https://api.stats.premierlacrosseleague.com/api/v4/events/playoffs-semifinal-1-2024-9-8/players/stats,200,downloaded,37,https://api.stats.premierlacrosseleague.com/api/v4/events/playoffs-semifinal-1-2024-9-8/teams/stats,200,downloaded,2,2026-05-19T21:00:46Z
2024,2024_ev45,playoffs-semifinal-2-2024-9-8,https://api.stats.premierlacrosseleague.com/api/v4/events/playoffs-semifinal-2-2024-9-8/players/stats,200,downloaded,36,https://api.stats.premierlacrosseleague.com/api/v4/events/playoffs-semifinal-2-2024-9-8/teams/stats,200,downloaded,2,2026-05-19T21:00:46Z
2024,2024_ev46,championship-2024-9-15,https://api.stats.premierlacrosseleague.com/api/v4/events/championship-2024-9-15/players/stats,200,downloaded,36,https://api.stats.premierlacrosseleague.com/api/v4/events/championship-2024-9-15/teams/stats,200,downloaded,2,2026-05-19T21:00:47Z
2025,2025_game_1,2025_game_1,https://api.stats.premierlacrosseleague.com/api/v4/events/2025_game_1/players/stats,200,downloaded,35,https://api.stats.premierlacrosseleague.com/api/v4/events/2025_game_1/teams/stats,200,downloaded,2,2026-05-19T21:00:47Z
2025,2025_game_2,2025_game_2,https://api.stats.premierlacrosseleague.com/api/v4/events/2025_game_2/players/stats,200,downloaded,35,https://api.stats.premierlacrosseleague.com/api/v4/events/2025_game_2/teams/stats,200,downloaded,2,2026-05-19T21:00:48Z
2025,2025_game_3,2025_game_3,https://api.stats.premierlacrosseleague.com/api/v4/events/2025_game_3/players/stats,200,downloaded,35,https://api.stats.premierlacrosseleague.com/api/v4/events/2025_game_3/teams/stats,200,downloaded,2,2026-05-19T21:00:48Z
2025,2025_game_4,2025_game_4,https://api.stats.premierlacrosseleague.com/api/v4/events/2025_game_4/players/stats,200,downloaded,37,https://api.stats.premierlacrosseleague.com/api/v4/events/2025_game_4/teams/stats,200,downloaded,2,2026-05-19T21:00:48Z
2025,2025_game_5,2025_game_5,https://api.stats.premierlacrosseleague.com/api/v4/events/2025_game_5/players/stats,200,downloaded,36,https://api.stats.premierlacrosseleague.com/api/v4/events/2025_game_5/teams/stats,200,downloaded,2,2026-05-19T21:00:49Z
2025,2025_game_6,2025_game_6,https://api.stats.premierlacrosseleague.com/api/v4/events/2025_game_6/players/stats,200,downloaded,35,https://api.stats.premierlacrosseleague.com/api/v4/events/2025_game_6/teams/stats,200,downloaded,2,2026-05-19T21:00:49Z
2025,2025_game_7,2025_game_7,https://api.stats.premierlacrosseleague.com/api/v4/events/2025_game_7/players/stats,200,downloaded,35,https://api.stats.premierlacrosseleague.com/api/v4/events/2025_game_7/teams/stats,200,downloaded,2,2026-05-19T21:00:50Z
2025,2025_game_8,2025_game_8,https://api.stats.premierlacrosseleague.com/api/v4/events/2025_game_8/players/stats,200,downloaded,36,https://api.stats.premierlacrosseleague.com/api/v4/events/2025_game_8/teams/stats,200,downloaded,2,2026-05-19T21:00:50Z
2025,2025_game_9,2025_game_9,https://api.stats.premierlacrosseleague.com/api/v4/events/2025_game_9/players/stats,200,downloaded,36,https://api.stats.premierlacrosseleague.com/api/v4/events/2025_game_9/teams/stats,200,downloaded,2,2026-05-19T21:00:50Z
2025,2025_game_10,2025_game_10,https://api.stats.premierlacrosseleague.com/api/v4/events/2025_game_10/players/stats,200,downloaded,36,https://api.stats.premierlacrosseleague.com/api/v4/events/2025_game_10/teams/stats,200,downloaded,2,2026-05-19T21:00:51Z
2025,2025_game_11,2025_game_11,https://api.stats.premierlacrosseleague.com/api/v4/events/2025_game_11/players/stats,200,downloaded,36,https://api.stats.premierlacrosseleague.com/api/v4/events/2025_game_11/teams/stats,200,downloaded,2,2026-05-19T21:00:51Z
2025,2025_game_12,2025_game_12,https://api.stats.premierlacrosseleague.com/api/v4/events/2025_game_12/players/stats,200,downloaded,36,https://api.stats.premierlacrosseleague.com/api/v4/events/2025_game_12/teams/stats,200,downloaded,2,2026-05-19T21:00:51Z
2025,2025_game_13,2025_game_13,https://api.stats.premierlacrosseleague.com/api/v4/events/2025_game_13/players/stats,200,downloaded,36,https://api.stats.premierlacrosseleague.com/api/v4/events/2025_game_13/teams/stats,200,downloaded,2,2026-05-19T21:00:52Z
2025,2025_game_14,2025_game_14,https://api.stats.premierlacrosseleague.com/api/v4/events/2025_game_14/players/stats,200,downloaded,36,https://api.stats.premierlacrosseleague.com/api/v4/events/2025_game_14/teams/stats,200,downloaded,2,2026-05-19T21:00:52Z
2025,2025_game_15,2025_game_15,https://api.stats.premierlacrosseleague.com/api/v4/events/2025_game_15/players/stats,200,downloaded,36,https://api.stats.premierlacrosseleague.com/api/v4/events/2025_game_15/teams/stats,200,downloaded,2,2026-05-19T21:00:53Z
2025,2025_game_16,2025_game_16,https://api.stats.premierlacrosseleague.com/api/v4/events/2025_game_16/players/stats,200,downloaded,38,https://api.stats.premierlacrosseleague.com/api/v4/events/2025_game_16/teams/stats,200,downloaded,2,2026-05-19T21:00:53Z
2025,2025_game_17,2025_game_17,https://api.stats.premierlacrosseleague.com/api/v4/events/2025_game_17/players/stats,200,downloaded,36,https://api.stats.premierlacrosseleague.com/api/v4/events/2025_game_17/teams/stats,200,downloaded,2,2026-05-19T21:00:53Z
2025,2025_game_18,2025_game_18,https://api.stats.premierlacrosseleague.com/api/v4/events/2025_game_18/players/stats,200,downloaded,36,https://api.stats.premierlacrosseleague.com/api/v4/events/2025_game_18/teams/stats,200,downloaded,2,2026-05-19T21:00:54Z
2025,2025_game_19,2025_game_19,https://api.stats.premierlacrosseleague.com/api/v4/events/2025_game_19/players/stats,200,downloaded,36,https://api.stats.premierlacrosseleague.com/api/v4/events/2025_game_19/teams/stats,200,downloaded,2,2026-05-19T21:00:54Z
2025,2025_game_20,2025_game_20,https://api.stats.premierlacrosseleague.com/api/v4/events/2025_game_20/players/stats,200,downloaded,36,https://api.stats.premierlacrosseleague.com/api/v4/events/2025_game_20/teams/stats,200,downloaded,2,2026-05-19T21:00:55Z
2025,2025_all_star_skills,2025_all_star_skills,https://api.stats.premierlacrosseleague.com/api/v4/events/2025_all_star_skills/players/stats,200,downloaded,0,https://api.stats.premierlacrosseleague.com/api/v4/events/2025_all_star_skills/teams/stats,200,downloaded,0,2026-05-19T21:00:55Z
2025,2025_all_star_game,2025_all_star_game,https://api.stats.premierlacrosseleague.com/api/v4/events/2025_all_star_game/players/stats,200,downloaded,37,https://api.stats.premierlacrosseleague.com/api/v4/events/2025_all_star_game/teams/stats,200,downloaded,2,2026-05-19T21:00:55Z
2025,2025_game_23,2025_game_23,https://api.stats.premierlacrosseleague.com/api/v4/events/2025_game_23/players/stats,200,downloaded,36,https://api.stats.premierlacrosseleague.com/api/v4/events/2025_game_23/teams/stats,200,downloaded,2,2026-05-19T21:00:56Z
2025,2025_game_24,2025_game_24,https://api.stats.premierlacrosseleague.com/api/v4/events/2025_game_24/players/stats,200,downloaded,36,https://api.stats.premierlacrosseleague.com/api/v4/events/2025_game_24/teams/stats,200,downloaded,2,2026-05-19T21:00:56Z
2025,2025_game_25,2025_game_25,https://api.stats.premierlacrosseleague.com/api/v4/events/2025_game_25/players/stats,200,downloaded,36,https://api.stats.premierlacrosseleague.com/api/v4/events/2025_game_25/teams/stats,200,downloaded,2,2026-05-19T21:00:56Z
2025,2025_game_26,2025_game_26,https://api.stats.premierlacrosseleague.com/api/v4/events/2025_game_26/players/stats,200,downloaded,36,https://api.stats.premierlacrosseleague.com/api/v4/events/2025_game_26/teams/stats,200,downloaded,2,2026-05-19T21:00:57Z
2025,2025_game_27,2025_game_27,https://api.stats.premierlacrosseleague.com/api/v4/events/2025_game_27/players/stats,200,downloaded,36,https://api.stats.premierlacrosseleague.com/api/v4/events/2025_game_27/teams/stats,200,downloaded,2,2026-05-19T21:00:57Z
2025,2025_game_28,2025_game_28,https://api.stats.premierlacrosseleague.com/api/v4/events/2025_game_28/players/stats,200,downloaded,36,https://api.stats.premierlacrosseleague.com/api/v4/events/2025_game_28/teams/stats,200,downloaded,2,2026-05-19T21:00:58Z
2025,2025_game_29,2025_game_29,https://api.stats.premierlacrosseleague.com/api/v4/events/2025_game_29/players/stats,200,downloaded,36,https://api.stats.premierlacrosseleague.com/api/v4/events/2025_game_29/teams/stats,200,downloaded,2,2026-05-19T21:00:58Z
2025,2025_game_30,2025_game_30,https://api.stats.premierlacrosseleague.com/api/v4/events/2025_game_30/players/stats,200,downloaded,36,https://api.stats.premierlacrosseleague.com/api/v4/events/2025_game_30/teams/stats,200,downloaded,2,2026-05-19T21:00:58Z
2025,2025_game_31,2025_game_31,https://api.stats.premierlacrosseleague.com/api/v4/events/2025_game_31/players/stats,200,downloaded,36,https://api.stats.premierlacrosseleague.com/api/v4/events/2025_game_31/teams/stats,200,downloaded,2,2026-05-19T21:00:59Z
2025,2025_game_32,2025_game_32,https://api.stats.premierlacrosseleague.com/api/v4/events/2025_game_32/players/stats,200,downloaded,37,https://api.stats.premierlacrosseleague.com/api/v4/events/2025_game_32/teams/stats,200,downloaded,2,2026-05-19T21:00:59Z
2025,2025_game_33,2025_game_33,https://api.stats.premierlacrosseleague.com/api/v4/events/2025_game_33/players/stats,200,downloaded,37,https://api.stats.premierlacrosseleague.com/api/v4/events/2025_game_33/teams/stats,200,downloaded,2,2026-05-19T21:01:00Z
2025,2025_game_34,2025_game_34,https://api.stats.premierlacrosseleague.com/api/v4/events/2025_game_34/players/stats,200,downloaded,37,https://api.stats.premierlacrosseleague.com/api/v4/events/2025_game_34/teams/stats,200,downloaded,2,2026-05-19T21:01:00Z
2025,2025_game_35,2025_game_35,https://api.stats.premierlacrosseleague.com/api/v4/events/2025_game_35/players/stats,200,downloaded,36,https://api.stats.premierlacrosseleague.com/api/v4/events/2025_game_35/teams/stats,200,downloaded,2,2026-05-19T21:01:00Z
2025,2025_game_36,2025_game_36,https://api.stats.premierlacrosseleague.com/api/v4/events/2025_game_36/players/stats,200,downloaded,37,https://api.stats.premierlacrosseleague.com/api/v4/events/2025_game_36/teams/stats,200,downloaded,2,2026-05-19T21:01:01Z
2025,2025_game_37,2025_game_37,https://api.stats.premierlacrosseleague.com/api/v4/events/2025_game_37/players/stats,200,downloaded,37,https://api.stats.premierlacrosseleague.com/api/v4/events/2025_game_37/teams/stats,200,downloaded,2,2026-05-19T21:01:01Z
2025,2025_game_38,2025_game_38,https://api.stats.premierlacrosseleague.com/api/v4/events/2025_game_38/players/stats,200,downloaded,36,https://api.stats.premierlacrosseleague.com/api/v4/events/2025_game_38/teams/stats,200,downloaded,2,2026-05-19T21:01:02Z
2025,2025_game_39,2025_game_39,https://api.stats.premierlacrosseleague.com/api/v4/events/2025_game_39/players/stats,200,downloaded,36,https://api.stats.premierlacrosseleague.com/api/v4/events/2025_game_39/teams/stats,200,downloaded,2,2026-05-19T21:01:02Z
2025,2025_game_40,2025_game_40,https://api.stats.premierlacrosseleague.com/api/v4/events/2025_game_40/players/stats,200,downloaded,36,https://api.stats.premierlacrosseleague.com/api/v4/events/2025_game_40/teams/stats,200,downloaded,2,2026-05-19T21:01:02Z
2025,2025_game_41,2025_game_41,https://api.stats.premierlacrosseleague.com/api/v4/events/2025_game_41/players/stats,200,downloaded,36,https://api.stats.premierlacrosseleague.com/api/v4/events/2025_game_41/teams/stats,200,downloaded,2,2026-05-19T21:01:03Z
2025,2025_game_42,2025_game_42,https://api.stats.premierlacrosseleague.com/api/v4/events/2025_game_42/players/stats,200,downloaded,36,https://api.stats.premierlacrosseleague.com/api/v4/events/2025_game_42/teams/stats,200,downloaded,2,2026-05-19T21:01:03Z
2025,2025_ev_43,2025_quarterfinal_1,https://api.stats.premierlacrosseleague.com/api/v4/events/2025_quarterfinal_1/players/stats,200,downloaded,36,https://api.stats.premierlacrosseleague.com/api/v4/events/2025_quarterfinal_1/teams/stats,200,downloaded,2,2026-05-19T21:01:04Z
2025,2025_ev_44,2025_quarterfinal_2,https://api.stats.premierlacrosseleague.com/api/v4/events/2025_quarterfinal_2/players/stats,200,downloaded,36,https://api.stats.premierlacrosseleague.com/api/v4/events/2025_quarterfinal_2/teams/stats,200,downloaded,2,2026-05-19T21:01:04Z
2025,2025_ev_47,2025_semifinal_1,https://api.stats.premierlacrosseleague.com/api/v4/events/2025_semifinal_1/players/stats,200,downloaded,36,https://api.stats.premierlacrosseleague.com/api/v4/events/2025_semifinal_1/teams/stats,200,downloaded,2,2026-05-19T21:01:04Z
2025,2025_ev_48,2025_semifinal_2,https://api.stats.premierlacrosseleague.com/api/v4/events/2025_semifinal_2/players/stats,200,downloaded,36,https://api.stats.premierlacrosseleague.com/api/v4/events/2025_semifinal_2/teams/stats,200,downloaded,2,2026-05-19T21:01:05Z
2025,2025_ev_49,2025_championship_game,https://api.stats.premierlacrosseleague.com/api/v4/events/2025_championship_game/players/stats,200,downloaded,36,https://api.stats.premierlacrosseleague.com/api/v4/events/2025_championship_game/teams/stats,200,downloaded,2,2026-05-19T21:01:05Z
2026,2026_game_1,2026-all-star-game,https://api.stats.premierlacrosseleague.com/api/v4/events/2026-all-star-game/players/stats,200,downloaded,0,https://api.stats.premierlacrosseleague.com/api/v4/events/2026-all-star-game/teams/stats,200,downloaded,0,2026-05-19T21:01:05Z
2026,2026_game_1,2026-ev-1,https://api.stats.premierlacrosseleague.com/api/v4/events/2026-ev-1/players/stats,200,downloaded,36,https://api.stats.premierlacrosseleague.com/api/v4/events/2026-ev-1/teams/stats,200,downloaded,2,2026-05-19T21:01:06Z
2026,2026_game_2,2026-ev-2,https://api.stats.premierlacrosseleague.com/api/v4/events/2026-ev-2/players/stats,200,downloaded,36,https://api.stats.premierlacrosseleague.com/api/v4/events/2026-ev-2/teams/stats,200,downloaded,2,2026-05-19T21:01:06Z
2026,2026_game_3,2026-ev-3,https://api.stats.premierlacrosseleague.com/api/v4/events/2026-ev-3/players/stats,200,downloaded,35,https://api.stats.premierlacrosseleague.com/api/v4/events/2026-ev-3/teams/stats,200,downloaded,2,2026-05-19T21:01:07Z
2026,2026_game_4,2026-ev-4,https://api.stats.premierlacrosseleague.com/api/v4/events/2026-ev-4/players/stats,200,downloaded,35,https://api.stats.premierlacrosseleague.com/api/v4/events/2026-ev-4/teams/stats,200,downloaded,2,2026-05-19T21:01:07Z
2026,2026_game_5,2026-ev-5,https://api.stats.premierlacrosseleague.com/api/v4/events/2026-ev-5/players/stats,200,downloaded,36,https://api.stats.premierlacrosseleague.com/api/v4/events/2026-ev-5/teams/stats,200,downloaded,2,2026-05-19T21:01:07Z
2026,2026_game_6,2026-ev-6,https://api.stats.premierlacrosseleague.com/api/v4/events/2026-ev-6/players/stats,200,downloaded,36,https://api.stats.premierlacrosseleague.com/api/v4/events/2026-ev-6/teams/stats,200,downloaded,2,2026-05-19T21:01:08Z
2026,2026_game_7,2026-ev-7,https://api.stats.premierlacrosseleague.com/api/v4/events/2026-ev-7/players/stats,200,downloaded,36,https://api.stats.premierlacrosseleague.com/api/v4/events/2026-ev-7/teams/stats,200,downloaded,2,2026-05-19T21:01:08Z
2026,2026_game_8,2026-ev-8,https://api.stats.premierlacrosseleague.com/api/v4/events/2026-ev-8/players/stats,200,downloaded,35,https://api.stats.premierlacrosseleague.com/api/v4/events/2026-ev-8/teams/stats,200,downloaded,2,2026-05-19T21:01:08Z
2026,2026_game_9,2026-ev-9,https://api.stats.premierlacrosseleague.com/api/v4/events/2026-ev-9/players/stats,200,downloaded,0,https://api.stats.premierlacrosseleague.com/api/v4/events/2026-ev-9/teams/stats,200,downloaded,0,2026-05-19T21:01:09Z
2026,2026_game_10,2026-ev-10,https://api.stats.premierlacrosseleague.com/api/v4/events/2026-ev-10/players/stats,200,downloaded,0,https://api.stats.premierlacrosseleague.com/api/v4/events/2026-ev-10/teams/stats,200,downloaded,0,2026-05-19T21:01:09Z
2026,2026_game_11,2026-ev-11,https://api.stats.premierlacrosseleague.com/api/v4/events/2026-ev-11/players/stats,200,downloaded,0,https://api.stats.premierlacrosseleague.com/api/v4/events/2026-ev-11/teams/stats,200,downloaded,0,2026-05-19T21:01:09Z
2026,2026_game_12,2026-ev-12,https://api.stats.premierlacrosseleague.com/api/v4/events/2026-ev-12/players/stats,200,downloaded,0,https://api.stats.premierlacrosseleague.com/api/v4/events/2026-ev-12/teams/stats,200,downloaded,0,2026-05-19T21:01:10Z
2026,2026_game_13,2026-ev-13,https://api.stats.premierlacrosseleague.com/api/v4/events/2026-ev-13/players/stats,200,downloaded,0,https://api.stats.premierlacrosseleague.com/api/v4/events/2026-ev-13/teams/stats,200,downloaded,0,2026-05-19T21:01:10Z
2026,2026_game_14,2026-ev-14,https://api.stats.premierlacrosseleague.com/api/v4/events/2026-ev-14/players/stats,200,downloaded,0,https://api.stats.premierlacrosseleague.com/api/v4/events/2026-ev-14/teams/stats,200,downloaded,0,2026-05-19T21:01:10Z
2026,2026_game_15,2026-ev-15,https://api.stats.premierlacrosseleague.com/api/v4/events/2026-ev-15/players/stats,200,downloaded,0,https://api.stats.premierlacrosseleague.com/api/v4/events/2026-ev-15/teams/stats,200,downloaded,0,2026-05-19T21:01:11Z
2026,2026_game_16,2026-ev-16,https://api.stats.premierlacrosseleague.com/api/v4/events/2026-ev-16/players/stats,200,downloaded,0,https://api.stats.premierlacrosseleague.com/api/v4/events/2026-ev-16/teams/stats,200,downloaded,0,2026-05-19T21:01:11Z
2026,2026_game_17,2026-ev-17,https://api.stats.premierlacrosseleague.com/api/v4/events/2026-ev-17/players/stats,200,downloaded,0,https://api.stats.premierlacrosseleague.com/api/v4/events/2026-ev-17/teams/stats,200,downloaded,0,2026-05-19T21:01:11Z
2026,2026_game_18,2026-ev-18,https://api.stats.premierlacrosseleague.com/api/v4/events/2026-ev-18/players/stats,200,downloaded,0,https://api.stats.premierlacrosseleague.com/api/v4/events/2026-ev-18/teams/stats,200,downloaded,0,2026-05-19T21:01:11Z
2026,2026_game_19,2026-ev-19,https://api.stats.premierlacrosseleague.com/api/v4/events/2026-ev-19/players/stats,200,downloaded,0,https://api.stats.premierlacrosseleague.com/api/v4/events/2026-ev-19/teams/stats,200,downloaded,0,2026-05-19T21:01:12Z
2026,2026_game_20,2026-ev-20,https://api.stats.premierlacrosseleague.com/api/v4/events/2026-ev-20/players/stats,200,downloaded,0,https://api.stats.premierlacrosseleague.com/api/v4/events/2026-ev-20/teams/stats,200,downloaded,0,2026-05-19T21:01:12Z
2026,2026_game_21,2026-ev-21,https://api.stats.premierlacrosseleague.com/api/v4/events/2026-ev-21/players/stats,200,downloaded,0,https://api.stats.premierlacrosseleague.com/api/v4/events/2026-ev-21/teams/stats,200,downloaded,0,2026-05-19T21:01:12Z
2026,2026_game_22,2026-ev-22,https://api.stats.premierlacrosseleague.com/api/v4/events/2026-ev-22/players/stats,200,downloaded,0,https://api.stats.premierlacrosseleague.com/api/v4/events/2026-ev-22/teams/stats,200,downloaded,0,2026-05-19T21:01:13Z
2026,2026_game_23,2026-ev-23,https://api.stats.premierlacrosseleague.com/api/v4/events/2026-ev-23/players/stats,200,downloaded,0,https://api.stats.premierlacrosseleague.com/api/v4/events/2026-ev-23/teams/stats,200,downloaded,0,2026-05-19T21:01:13Z
2026,2026_game_24,2026-ev-24,https://api.stats.premierlacrosseleague.com/api/v4/events/2026-ev-24/players/stats,200,downloaded,0,https://api.stats.premierlacrosseleague.com/api/v4/events/2026-ev-24/teams/stats,200,downloaded,0,2026-05-19T21:01:13Z
2026,2026_game_25,2026-ev-25,https://api.stats.premierlacrosseleague.com/api/v4/events/2026-ev-25/players/stats,200,downloaded,0,https://api.stats.premierlacrosseleague.com/api/v4/events/2026-ev-25/teams/stats,200,downloaded,0,2026-05-19T21:01:14Z
2026,2026_game_26,2026-ev-26,https://api.stats.premierlacrosseleague.com/api/v4/events/2026-ev-26/players/stats,200,downloaded,0,https://api.stats.premierlacrosseleague.com/api/v4/events/2026-ev-26/teams/stats,200,downloaded,0,2026-05-19T21:01:14Z
2026,2026_game_27,2026-ev-27,https://api.stats.premierlacrosseleague.com/api/v4/events/2026-ev-27/players/stats,200,downloaded,0,https://api.stats.premierlacrosseleague.com/api/v4/events/2026-ev-27/teams/stats,200,downloaded,0,2026-05-19T21:01:14Z
2026,2026_game_28,2026-ev-28,https://api.stats.premierlacrosseleague.com/api/v4/events/2026-ev-28/players/stats,200,downloaded,0,https://api.stats.premierlacrosseleague.com/api/v4/events/2026-ev-28/teams/stats,200,downloaded,0,2026-05-19T21:01:14Z
2026,2026_game_29,2026-ev-29,https://api.stats.premierlacrosseleague.com/api/v4/events/2026-ev-29/players/stats,200,downloaded,0,https://api.stats.premierlacrosseleague.com/api/v4/events/2026-ev-29/teams/stats,200,downloaded,0,2026-05-19T21:01:15Z
2026,2026_game_30,2026-ev-30,https://api.stats.premierlacrosseleague.com/api/v4/events/2026-ev-30/players/stats,200,downloaded,0,https://api.stats.premierlacrosseleague.com/api/v4/events/2026-ev-30/teams/stats,200,downloaded,0,2026-05-19T21:01:15Z
2026,2026_game_31,2026-ev-31,https://api.stats.premierlacrosseleague.com/api/v4/events/2026-ev-31/players/stats,200,downloaded,0,https://api.stats.premierlacrosseleague.com/api/v4/events/2026-ev-31/teams/stats,200,downloaded,0,2026-05-19T21:01:15Z
2026,2026_game_32,2026-ev-32,https://api.stats.premierlacrosseleague.com/api/v4/events/2026-ev-32/players/stats,200,downloaded,0,https://api.stats.premierlacrosseleague.com/api/v4/events/2026-ev-32/teams/stats,200,downloaded,0,2026-05-19T21:01:16Z
2026,2026_game_33,2026-ev-33,https://api.stats.premierlacrosseleague.com/api/v4/events/2026-ev-33/players/stats,200,downloaded,0,https://api.stats.premierlacrosseleague.com/api/v4/events/2026-ev-33/teams/stats,200,downloaded,0,2026-05-19T21:01:16Z
2026,2026_game_34,2026-ev-34,https://api.stats.premierlacrosseleague.com/api/v4/events/2026-ev-34/players/stats,200,downloaded,0,https://api.stats.premierlacrosseleague.com/api/v4/events/2026-ev-34/teams/stats,200,downloaded,0,2026-05-19T21:01:16Z
2026,2026_game_35,2026-ev-35,https://api.stats.premierlacrosseleague.com/api/v4/events/2026-ev-35/players/stats,200,downloaded,0,https://api.stats.premierlacrosseleague.com/api/v4/events/2026-ev-35/teams/stats,200,downloaded,0,2026-05-19T21:01:17Z
2026,2026_game_36,2026-ev-36,https://api.stats.premierlacrosseleague.com/api/v4/events/2026-ev-36/players/stats,200,downloaded,0,https://api.stats.premierlacrosseleague.com/api/v4/events/2026-ev-36/teams/stats,200,downloaded,0,2026-05-19T21:01:17Z
2026,2026_game_37,2026-ev-37,https://api.stats.premierlacrosseleague.com/api/v4/events/2026-ev-37/players/stats,200,downloaded,0,https://api.stats.premierlacrosseleague.com/api/v4/events/2026-ev-37/teams/stats,200,downloaded,0,2026-05-19T21:01:17Z
2026,2026_game_38,2026-ev-38,https://api.stats.premierlacrosseleague.com/api/v4/events/2026-ev-38/players/stats,200,downloaded,0,https://api.stats.premierlacrosseleague.com/api/v4/events/2026-ev-38/teams/stats,200,downloaded,0,2026-05-19T21:01:17Z
2026,2026_game_39,2026-ev-39,https://api.stats.premierlacrosseleague.com/api/v4/events/2026-ev-39/players/stats,200,downloaded,0,https://api.stats.premierlacrosseleague.com/api/v4/events/2026-ev-39/teams/stats,200,downloaded,0,2026-05-19T21:01:18Z
2026,2026_game_40,2026-ev-40,https://api.stats.premierlacrosseleague.com/api/v4/events/2026-ev-40/players/stats,200,downloaded,0,https://api.stats.premierlacrosseleague.com/api/v4/events/2026-ev-40/teams/stats,200,downloaded,0,2026-05-19T21:01:18Z
2026,2026_game_41,2026-ev-41,https://api.stats.premierlacrosseleague.com/api/v4/events/2026-ev-41/players/stats,200,downloaded,0,https://api.stats.premierlacrosseleague.com/api/v4/events/2026-ev-41/teams/stats,200,downloaded,0,2026-05-19T21:01:18Z
2026,2026_game_42,2026-ev-42,https://api.stats.premierlacrosseleague.com/api/v4/events/2026-ev-42/players/stats,200,downloaded,0,https://api.stats.premierlacrosseleague.com/api/v4/events/2026-ev-42/teams/stats,200,downloaded,0,2026-05-19T21:01:19Z
2026,2026_game_43,2026-ev-43,https://api.stats.premierlacrosseleague.com/api/v4/events/2026-ev-43/players/stats,200,downloaded,0,https://api.stats.premierlacrosseleague.com/api/v4/events/2026-ev-43/teams/stats,200,downloaded,0,2026-05-19T21:01:19Z
2026,2026_game_44,2026-ev-44,https://api.stats.premierlacrosseleague.com/api/v4/events/2026-ev-44/players/stats,200,downloaded,0,https://api.stats.premierlacrosseleague.com/api/v4/events/2026-ev-44/teams/stats,200,downloaded,0,2026-05-19T21:01:19Z
2026,2026_game_45,2026-ev-45,https://api.stats.premierlacrosseleague.com/api/v4/events/2026-ev-45/players/stats,200,downloaded,0,https://api.stats.premierlacrosseleague.com/api/v4/events/2026-ev-45/teams/stats,200,downloaded,0,2026-05-19T21:01:20Z
2026,2026_game_46,2026-ev-46,https://api.stats.premierlacrosseleague.com/api/v4/events/2026-ev-46/players/stats,200,downloaded,0,https://api.stats.premierlacrosseleague.com/api/v4/events/2026-ev-46/teams/stats,200,downloaded,0,2026-05-19T21:01:20Z
2026,2026_game_47,2026-ev-47,https://api.stats.premierlacrosseleague.com/api/v4/events/2026-ev-47/players/stats,200,downloaded,0,https://api.stats.premierlacrosseleague.com/api/v4/events/2026-ev-47/teams/stats,200,downloaded,0,2026-05-19T21:01:20Z
2026,2026_game_48,2026-ev-48,https://api.stats.premierlacrosseleague.com/api/v4/events/2026-ev-48/players/stats,200,downloaded,0,https://api.stats.premierlacrosseleague.com/api/v4/events/2026-ev-48/teams/stats,200,downloaded,0,2026-05-19T21:01:20Z
2026,2026_game_49,2026-quarterfinals-1,https://api.stats.premierlacrosseleague.com/api/v4/events/2026-quarterfinals-1/players/stats,200,downloaded,0,https://api.stats.premierlacrosseleague.com/api/v4/events/2026-quarterfinals-1/teams/stats,200,downloaded,0,2026-05-19T21:01:21Z
2026,2026_game_50,2026-quarterfinals-2,https://api.stats.premierlacrosseleague.com/api/v4/events/2026-quarterfinals-2/players/stats,200,downloaded,0,https://api.stats.premierlacrosseleague.com/api/v4/events/2026-quarterfinals-2/teams/stats,200,downloaded,0,2026-05-19T21:01:21Z
2026,2026_game_51,2026-semifinal-1,https://api.stats.premierlacrosseleague.com/api/v4/events/2026-semifinal-1/players/stats,200,downloaded,0,https://api.stats.premierlacrosseleague.com/api/v4/events/2026-semifinal-1/teams/stats,200,downloaded,0,2026-05-19T21:01:21Z
2026,2026_game_52,2026-semifinal-2,https://api.stats.premierlacrosseleague.com/api/v4/events/2026-semifinal-2/players/stats,200,downloaded,0,https://api.stats.premierlacrosseleague.com/api/v4/events/2026-semifinal-2/teams/stats,200,downloaded,0,2026-05-19T21:01:22Z
2026,2026_game_54,2026-championship-game,https://api.stats.premierlacrosseleague.com/api/v4/events/2026-championship-game/players/stats,200,downloaded,0,https://api.stats.premierlacrosseleague.com/api/v4/events/2026-championship-game/teams/stats,200,downloaded,0,2026-05-19T21:01:22Z
