season,competition_type,event_id,event_numeric_id,game_id,game_slug,schedule_slug,game_number,game_date_utc,start_time_unix,event_status,status_display,home_team_id_raw,away_team_id_raw,home_team_id,away_team_id,home_team_name_raw,away_team_name_raw,home_team_name,away_team_name,home_score,away_score,source,discovered_at_utc,has_final_score,is_completed_by_schedule,matchup,result,team_rows,teams_in_team_game,player_rows,players_in_player_game,teams_in_player_game,has_team_stats,has_player_stats,is_complete_game_record
2022,regular,2022_ev1,123,2022_ev1,whipsnakes-chaos-2022-6-04,whipsnakes-chaos-2022-6-04,1,,1654366500,3,3,CHA,WHP,CHA,WHP,Chaos,Whipsnakes,Chaos,Whipsnakes,,,event_summary,2026-05-19T20:59:08Z,False,False,Whipsnakes at Chaos,,2,2,36,36,2,True,True,True
2022,regular,2022_ev2,122,2022_ev2,redwoods-atlas-2022-6-04,redwoods-atlas-2022-6-04,2,,1654376400,3,3,ATL,RED,ATL,RED,Atlas,Redwoods,Atlas,Redwoods,,,event_summary,2026-05-19T20:59:08Z,False,False,Redwoods at Atlas,,2,2,38,38,2,True,True,True
2022,regular,2022_ev3,121,2022_ev3,waterdogs-cannons-2022-6-05,waterdogs-cannons-2022-6-05,3,,1654448400,3,3,CAN,WAT,CAN,WAT,Cannons,Waterdogs,Cannons,Waterdogs,,,event_summary,2026-05-19T20:59:08Z,False,False,Waterdogs at Cannons,,2,2,36,36,2,True,True,True
2022,regular,2022_ev4,120,2022_ev4,chrome-archers-2022-6-05,chrome-archers-2022-6-05,4,,1654458300,3,3,ARC,CHR,ARC,OUT,Archers,Chrome,Archers,Outlaws,,,event_summary,2026-05-19T20:59:08Z,False,False,Outlaws at Archers,,2,2,36,36,2,True,True,True
2022,regular,2022_ev5,119,2022_ev5,chrome-redwoods-2022-6-10,chrome-redwoods-2022-6-10,5,,1654898400,3,3,RED,CHR,RED,OUT,Redwoods,Chrome,Redwoods,Outlaws,,,event_summary,2026-05-19T20:59:08Z,False,False,Outlaws at Redwoods,,2,2,36,36,2,True,True,True
2022,regular,2022_ev6,118,2022_ev6,chaos-archers-2022-6-10,chaos-archers-2022-6-10,6,,1654908300,3,3,ARC,CHA,ARC,CHA,Archers,Chaos,Archers,Chaos,,,event_summary,2026-05-19T20:59:09Z,False,False,Chaos at Archers,,2,2,34,34,2,True,True,True
2022,regular,2022_ev7,117,2022_ev7,atlas-cannons-2022-6-11,atlas-cannons-2022-6-11,7,,1654984800,3,3,CAN,ATL,CAN,ATL,Cannons,Atlas,Cannons,Atlas,,,event_summary,2026-05-19T20:59:09Z,False,False,Atlas at Cannons,,2,2,36,36,2,True,True,True
2022,regular,2022_ev8,116,2022_ev8,whipsnakes-waterdogs-2022-6-11,whipsnakes-waterdogs-2022-6-11,8,,1654994700,3,3,WAT,WHP,WAT,WHP,Waterdogs,Whipsnakes,Waterdogs,Whipsnakes,,,event_summary,2026-05-19T20:59:09Z,False,False,Whipsnakes at Waterdogs,,2,2,36,36,2,True,True,True
2022,regular,2022_ev9,115,2022_ev9,waterdogs-chrome-2022-6-17,waterdogs-chrome-2022-6-17,9,,1655503200,3,3,CHR,WAT,OUT,WAT,Chrome,Waterdogs,Outlaws,Waterdogs,,,event_summary,2026-05-19T20:59:09Z,False,False,Waterdogs at Outlaws,,2,2,36,36,2,True,True,True
2022,regular,2022_ev10,114,2022_ev10,atlas-whipsnakes-2022-6-17,atlas-whipsnakes-2022-6-17,10,,1655513100,3,3,WHP,ATL,WHP,ATL,Whipsnakes,Atlas,Whipsnakes,Atlas,,,event_summary,2026-05-19T20:59:09Z,False,False,Atlas at Whipsnakes,,2,2,36,36,2,True,True,True
2022,regular,2022_ev11,113,2022_ev11,archers-cannons-2022-6-18,archers-cannons-2022-6-18,11,,1655571600,3,3,ARC,CAN,ARC,CAN,Archers,Cannons,Archers,Cannons,,,event_summary,2026-05-19T20:59:09Z,False,False,Cannons at Archers,,2,2,37,37,2,True,True,True
2022,regular,2022_ev12,112,2022_ev12,redwoods-chaos-2022-6-18-1,redwoods-chaos-2022-6-18-1,12,,1655582400,3,3,CHA,RED,CHA,RED,Chaos,Redwoods,Chaos,Redwoods,,,event_summary,2026-05-19T20:59:10Z,False,False,Redwoods at Chaos,,2,2,35,35,2,True,True,True
2022,regular,2022_ev13,111,2022_ev13,redwoods-whipsnakes-2022-6-24,redwoods-whipsnakes-2022-6-24,13,,1656109800,3,3,WHP,RED,WHP,RED,Whipsnakes,Redwoods,Whipsnakes,Redwoods,,,event_summary,2026-05-19T20:59:10Z,False,False,Redwoods at Whipsnakes,,2,2,36,36,2,True,True,True
2022,regular,2022_ev14,110,2022_ev14,chaos-waterdogs-2022-6-24,chaos-waterdogs-2022-6-24,14,,1656119700,3,3,WAT,CHA,WAT,CHA,Waterdogs,Chaos,Waterdogs,Chaos,,,event_summary,2026-05-19T20:59:10Z,False,False,Chaos at Waterdogs,,2,2,36,36,2,True,True,True
2022,regular,2022_ev15,109,2022_ev15,cannons-chrome-2022-6-25,cannons-chrome-2022-6-25,15,,1656194400,3,3,CHR,CAN,OUT,CAN,Chrome,Cannons,Outlaws,Cannons,,,event_summary,2026-05-19T20:59:10Z,False,False,Cannons at Outlaws,,2,2,36,36,2,True,True,True
2022,regular,2022_ev16,108,2022_ev16,archers-atlas-2022-6-25,archers-atlas-2022-6-25,16,,1656204300,3,3,ATL,ARC,ATL,ARC,Atlas,Archers,Atlas,Archers,,,event_summary,2026-05-19T20:59:10Z,False,False,Archers at Atlas,,2,2,36,36,2,True,True,True
2022,regular,2022_ev17,107,2022_ev17,archers-redwoods-2022-7-1,archers-redwoods-2022-7-1,17,,1656716400,3,3,RED,ARC,RED,ARC,Redwoods,Archers,Redwoods,Archers,,,event_summary,2026-05-19T20:59:10Z,False,False,Archers at Redwoods,,2,2,36,36,2,True,True,True
2022,regular,2022_ev18,106,2022_ev18,atlas-chrome-2022-7-1,atlas-chrome-2022-7-1,18,,1656726300,3,3,CHR,ATL,OUT,ATL,Chrome,Atlas,Outlaws,Atlas,,,event_summary,2026-05-19T20:59:11Z,False,False,Atlas at Outlaws,,2,2,36,36,2,True,True,True
2022,regular,2022_ev19,105,2022_ev19,chaos-cannons-2022-7-2,chaos-cannons-2022-7-2,19,,1656799200,3,3,CAN,CHA,CAN,CHA,Cannons,Chaos,Cannons,Chaos,,,event_summary,2026-05-19T20:59:11Z,False,False,Chaos at Cannons,,2,2,36,36,2,True,True,True
2022,regular,2022_ev20,104,2022_ev20,whipsnakes-waterdogs-2022-7-2,whipsnakes-waterdogs-2022-7-2,20,,1656809100,3,3,WAT,WHP,WAT,WHP,Waterdogs,Whipsnakes,Waterdogs,Whipsnakes,,,event_summary,2026-05-19T20:59:11Z,False,False,Whipsnakes at Waterdogs,,2,2,36,36,2,True,True,True
2022,allstar,2022_ev22,102,2022_ev22,all-star-skills-2022-7-1,all-star-skills-2022-7-1,22,,1658010600,3,3,ASH,ASA,ASH,ASA,Baptiste,Farrell,Baptiste,Farrell,,,event_summary,2026-05-19T20:59:11Z,False,False,Farrell at Baptiste,,0,0,0,0,0,False,False,False
2022,regular,2022_ev23,149,2022_ev23,redwoods-atlas-2022-7-23,redwoods-atlas-2022-7-23,23,,1658610000,3,3,ATL,RED,ATL,RED,Atlas,Redwoods,Atlas,Redwoods,,,event_summary,2026-05-19T20:59:12Z,False,False,Redwoods at Atlas,,2,2,36,36,2,True,True,True
2022,regular,2022_ev24,148,2022_ev24,whipsnakes-chaos-2022-7-23,whipsnakes-chaos-2022-7-23,24,,1658619000,3,3,CHA,WHP,CHA,WHP,Chaos,Whipsnakes,Chaos,Whipsnakes,,,event_summary,2026-05-19T20:59:12Z,False,False,Whipsnakes at Chaos,,2,2,36,36,2,True,True,True
2022,regular,2022_ev25,147,2022_ev25,cannons-archers-2022-7-24,cannons-archers-2022-7-24,25,,1658685600,3,3,ARC,CAN,ARC,CAN,Archers,Cannons,Archers,Cannons,,,event_summary,2026-05-19T20:59:12Z,False,False,Cannons at Archers,,2,2,36,36,2,True,True,True
2022,regular,2022_ev26,146,2022_ev26,chrome-waterdogs-2022-7-24,chrome-waterdogs-2022-7-24,26,,1658694600,3,3,WAT,CHR,WAT,OUT,Waterdogs,Chrome,Waterdogs,Outlaws,,,event_summary,2026-05-19T20:59:12Z,False,False,Outlaws at Waterdogs,,2,2,36,36,2,True,True,True
2022,regular,2022_ev27,145,2022_ev27,archers-atlas-2022-7-30,archers-atlas-2022-7-30,27,,1659204000,3,3,ATL,ARC,ATL,ARC,Atlas,Archers,Atlas,Archers,,,event_summary,2026-05-19T20:59:12Z,False,False,Archers at Atlas,,2,2,37,37,2,True,True,True
2022,regular,2022_ev28,144,2022_ev28,chrome-whipsnakes-2022-7-30,chrome-whipsnakes-2022-7-30,28,,1659213000,3,3,WHP,CHR,WHP,OUT,Whipsnakes,Chrome,Whipsnakes,Outlaws,,,event_summary,2026-05-19T20:59:12Z,False,False,Outlaws at Whipsnakes,,2,2,36,36,2,True,True,True
2022,regular,2022_ev29,143,2022_ev29,waterdogs-cannons-2022-7-31,waterdogs-cannons-2022-7-31,29,,1659286800,3,3,CAN,WAT,CAN,WAT,Cannons,Waterdogs,Cannons,Waterdogs,,,event_summary,2026-05-19T20:59:13Z,False,False,Waterdogs at Cannons,,2,2,35,35,2,True,True,True
2022,regular,2022_ev30,142,2022_ev30,redwoods-chaos-2022-7-31,redwoods-chaos-2022-7-31,30,,1659295800,3,3,CHA,RED,CHA,RED,Chaos,Redwoods,Chaos,Redwoods,,,event_summary,2026-05-19T20:59:13Z,False,False,Redwoods at Chaos,,2,2,36,36,2,True,True,True
2022,regular,2022_ev31,141,2022_ev31,cannons-redwoods-2022-8-5,cannons-redwoods-2022-8-5,31,,1659747600,3,3,RED,CAN,RED,CAN,Redwoods,Cannons,Redwoods,Cannons,,,event_summary,2026-05-19T20:59:13Z,False,False,Cannons at Redwoods,,2,2,35,35,2,True,True,True
2022,regular,2022_ev32,140,2022_ev32,chaos-chrome-2022-8-6,chaos-chrome-2022-8-6,32,,1659799800,3,3,CHR,CHA,OUT,CHA,Chrome,Chaos,Outlaws,Chaos,,,event_summary,2026-05-19T20:59:13Z,False,False,Chaos at Outlaws,,2,2,36,36,2,True,True,True
2022,regular,2022_ev33,139,2022_ev33,waterdogs-atlas-2022-8-6,waterdogs-atlas-2022-8-6,33,,1659808800,3,3,ATL,WAT,ATL,WAT,Atlas,Waterdogs,Atlas,Waterdogs,,,event_summary,2026-05-19T20:59:13Z,False,False,Waterdogs at Atlas,,2,2,36,36,2,True,True,True
2022,regular,2022_ev34,138,2022_ev34,archers-whipsnakes-2022-8-6,archers-whipsnakes-2022-8-6,34,,1659818400,3,3,WHP,ARC,WHP,ARC,Whipsnakes,Archers,Whipsnakes,Archers,,,event_summary,2026-05-19T20:59:13Z,False,False,Archers at Whipsnakes,,2,2,36,36,2,True,True,True
2022,regular,2022_ev35,137,2022_ev35,atlas-whipsnakes-2022-8-12,atlas-whipsnakes-2022-8-12,35,,1660348800,3,3,WHP,ATL,WHP,ATL,Whipsnakes,Atlas,Whipsnakes,Atlas,,,event_summary,2026-05-19T20:59:14Z,False,False,Atlas at Whipsnakes,,2,2,36,36,2,True,True,True
2022,regular,2022_ev36,136,2022_ev36,waterdogs-redwoods-2022-8-12,waterdogs-redwoods-2022-8-12,36,,1660357800,3,3,RED,WAT,RED,WAT,Redwoods,Waterdogs,Redwoods,Waterdogs,,,event_summary,2026-05-19T20:59:14Z,False,False,Waterdogs at Redwoods,,2,2,36,36,2,True,True,True
2022,regular,2022_ev37,135,2022_ev37,chaos-archers-2022-8-13,chaos-archers-2022-8-13,37,,1660406400,3,3,ARC,CHA,ARC,CHA,Archers,Chaos,Archers,Chaos,,,event_summary,2026-05-19T20:59:14Z,False,False,Chaos at Archers,,2,2,36,36,2,True,True,True
2022,regular,2022_ev38,134,2022_ev38,cannons-chrome-2022-8-13,cannons-chrome-2022-8-13,38,,1660415400,3,3,CHR,CAN,OUT,CAN,Chrome,Cannons,Outlaws,Cannons,,,event_summary,2026-05-19T20:59:14Z,False,False,Cannons at Outlaws,,2,2,37,37,2,True,True,True
2022,regular,2022_ev39,133,2022_ev39,chrome-redwoods-2022-8-20,chrome-redwoods-2022-8-20,39,,1661036400,3,3,RED,CHR,RED,OUT,Redwoods,Chrome,Redwoods,Outlaws,,,event_summary,2026-05-19T20:59:14Z,False,False,Outlaws at Redwoods,,2,2,36,36,2,True,True,True
2022,regular,2022_ev40,132,2022_ev40,archers-waterdogs-2022-8-20,archers-waterdogs-2022-8-20,40,,1661045400,3,3,WAT,ARC,WAT,ARC,Waterdogs,Archers,Waterdogs,Archers,,,event_summary,2026-05-19T20:59:15Z,False,False,Archers at Waterdogs,,2,2,37,37,2,True,True,True
2022,regular,2022_ev41,131,2022_ev41,whipsnakes-cannons-2022-8-21,whipsnakes-cannons-2022-8-21,41,,1661108400,3,3,CAN,WHP,CAN,WHP,Cannons,Whipsnakes,Cannons,Whipsnakes,,,event_summary,2026-05-19T20:59:15Z,False,False,Whipsnakes at Cannons,,2,2,36,36,2,True,True,True
2022,regular,2022_ev42,130,2022_ev42,atlas-chaos-2022-8-21,atlas-chaos-2022-8-21,42,,1661117400,3,3,CHA,ATL,CHA,ATL,Chaos,Atlas,Chaos,Atlas,,,event_summary,2026-05-19T20:59:15Z,False,False,Atlas at Chaos,,2,2,35,35,2,True,True,True
2022,post,2022_ev43,129,2022_ev43,playoffs-quarterfinal-1-2022-9-3,playoffs-quarterfinal-1-2022-9-3,43,,1662220800,3,3,CHR,CHA,OUT,CHA,Chrome,Chaos,Outlaws,Chaos,,,event_summary,2026-05-19T20:59:15Z,False,False,Chaos at Outlaws,,2,2,36,36,2,True,True,True
2022,post,2022_ev44,128,2022_ev44,playoffs-quarterfinal-2-2022-9-3,playoffs-quarterfinal-2-2022-9-3,44,,1662229800,3,3,ARC,RED,ARC,RED,Archers,Redwoods,Archers,Redwoods,,,event_summary,2026-05-19T20:59:15Z,False,False,Redwoods at Archers,,2,2,36,36,2,True,True,True
2022,post,2022_ev45,127,2022_ev45,playoffs-quarterfinal-3-2022-9-3,playoffs-quarterfinal-3-2022-9-3,45,,1662239400,3,3,ATL,WAT,ATL,WAT,Atlas,Waterdogs,Atlas,Waterdogs,,,event_summary,2026-05-19T20:59:15Z,False,False,Waterdogs at Atlas,,2,2,37,37,2,True,True,True
2022,post,2022_ev46,126,2022_ev46,playoffs-semifinal-1-2022-9-11,playoffs-semifinal-1-2022-9-11,46,,1662924600,3,3,ARC,CHA,ARC,CHA,Archers,Chaos,Archers,Chaos,,,event_summary,2026-05-19T20:59:16Z,False,False,Chaos at Archers,,2,2,36,36,2,True,True,True
2022,post,2022_ev47,125,2022_ev47,playoffs-semifinal-2-2022-9-11,playoffs-semifinal-2-2022-9-11,47,,1662915600,3,3,WHP,WAT,WHP,WAT,Whipsnakes,Waterdogs,Whipsnakes,Waterdogs,,,event_summary,2026-05-19T20:59:16Z,False,False,Waterdogs at Whipsnakes,,2,2,36,36,2,True,True,True
2022,post,2022_ev48,124,2022_ev48,championship-2022-9-18,championship-2022-9-18,48,,1663527600,3,3,WAT,CHA,WAT,CHA,Waterdogs,Chaos,Waterdogs,Chaos,,,event_summary,2026-05-19T20:59:16Z,False,False,Chaos at Waterdogs,,2,2,36,36,2,True,True,True
2022,preseason,2022_ev100,168,2022_ev100,scrimmage-1-2022-5-31,scrimmage-1-2022-5-31,49,,1654023600,3,3,WHP,ARC,WHP,ARC,Whipsnakes,Archers,Whipsnakes,Archers,,,event_summary,2026-05-19T20:59:07Z,False,False,Archers at Whipsnakes,,2,2,25,25,2,True,True,True
2022,preseason,2022_ev101,169,2022_ev101,scrimmage-2-2022-5-31,scrimmage-2-2022-5-31,50,,1654028100,3,3,CHR,ATL,OUT,ATL,Chrome,Atlas,Outlaws,Atlas,,,event_summary,2026-05-19T20:59:07Z,False,False,Atlas at Outlaws,,2,2,25,25,2,True,True,True
2022,preseason,2022_ev102,170,2022_ev102,scrimmage-3-2022-5-31,scrimmage-3-2022-5-31,51,,1654032600,3,3,CHA,CAN,CHA,CAN,Chaos,Cannons,Chaos,Cannons,,,event_summary,2026-05-19T20:59:07Z,False,False,Cannons at Chaos,,2,2,23,23,2,True,True,True
2022,preseason,2022_ev103,171,2022_ev103,scrimmage-4-2022-5-31,scrimmage-4-2022-5-31,52,,1654037100,3,3,WAT,RED,WAT,RED,Waterdogs,Redwoods,Waterdogs,Redwoods,,,event_summary,2026-05-19T20:59:08Z,False,False,Redwoods at Waterdogs,,2,2,26,26,2,True,True,True
2022,allstar,2022_ev21,103,2022_game_2022,all-star-game-2022-7-1,all-star-game-2022-7-1,2022,,1657999800,3,3,ASH,ASA,ASH,ASA,Baptiste,Farrell,Baptiste,Farrell,,,event_summary,2026-05-19T20:59:11Z,False,False,Farrell at Baptiste,,2,2,40,40,2,True,True,True
2023,regular,2023_ev1,181,2023_game_1,game-1-2023-06-02,game-1-2023-06-02,1,,1685811600,3,3,ATL,RED,ATL,RED,Atlas,Redwoods,Atlas,Redwoods,,,event_summary,2026-05-19T20:59:16Z,False,False,Redwoods at Atlas,,2,2,36,36,2,True,True,True
2023,regular,2023_ev2,182,2023_game_2,game-2-2023-06-02,game-2-2023-06-02,2,,1685820600,3,3,ARC,CAN,ARC,CAN,Archers,Cannons,Archers,Cannons,,,event_summary,2026-05-19T20:59:16Z,False,False,Cannons at Archers,,2,2,38,38,2,True,True,True
2023,regular,2023_ev3,183,2023_game_3,game-3-2023-06-02,game-3-2023-06-02,3,,1685898000,3,3,WAT,CHA,WAT,CHA,Waterdogs,Chaos,Waterdogs,Chaos,,,event_summary,2026-05-19T20:59:17Z,False,False,Chaos at Waterdogs,,2,2,33,33,2,True,True,True
2023,regular,2023_ev4,184,2023_game_4,game-4-2023-06-02,game-4-2023-06-02,4,,1685907000,3,3,CHR,WHP,OUT,WHP,Chrome,Whipsnakes,Outlaws,Whipsnakes,,,event_summary,2026-05-19T20:59:17Z,False,False,Whipsnakes at Outlaws,,2,2,36,36,2,True,True,True
2023,regular,2023_ev5,185,2023_game_5,game-5-2023-06-09,game-5-2023-06-09,5,,1686348000,3,3,ARC,CHR,ARC,OUT,Archers,Chrome,Archers,Outlaws,,,event_summary,2026-05-19T20:59:17Z,False,False,Outlaws at Archers,,2,2,36,36,2,True,True,True
2023,regular,2023_ev6,186,2023_game_6,game-6-2023-06-09,game-6-2023-06-09,6,,1686357000,3,3,RED,WAT,RED,WAT,Redwoods,Waterdogs,Redwoods,Waterdogs,,,event_summary,2026-05-19T20:59:17Z,False,False,Waterdogs at Redwoods,,2,2,36,36,2,True,True,True
2023,regular,2023_ev7,187,2023_game_7,game-7-2023-06-09,game-7-2023-06-09,7,,1686423600,3,3,ATL,WHP,ATL,WHP,Atlas,Whipsnakes,Atlas,Whipsnakes,,,event_summary,2026-05-19T20:59:17Z,False,False,Whipsnakes at Atlas,,2,2,36,36,2,True,True,True
2023,regular,2023_ev8,188,2023_game_8,game-8-2023-06-09,game-8-2023-06-09,8,,1686432600,3,3,CAN,CHA,CAN,CHA,Cannons,Chaos,Cannons,Chaos,,,event_summary,2026-05-19T20:59:17Z,False,False,Chaos at Cannons,,2,2,36,36,2,True,True,True
2023,regular,2023_ev9,189,2023_game_9,game-9-2023-06-16,game-9-2023-06-16,9,,1686952800,3,3,ATL,WAT,ATL,WAT,Atlas,Waterdogs,Atlas,Waterdogs,,,event_summary,2026-05-19T20:59:18Z,False,False,Waterdogs at Atlas,,2,2,37,37,2,True,True,True
2023,regular,2023_ev10,190,2023_game_10,game-10-2023-06-16,game-10-2023-06-16,10,,1686961800,3,3,CAN,CHR,CAN,OUT,Cannons,Chrome,Cannons,Outlaws,,,event_summary,2026-05-19T20:59:18Z,False,False,Outlaws at Cannons,,2,2,37,37,2,True,True,True
2023,regular,2023_ev11,191,2023_game_11,game-11-2023-06-16,game-11-2023-06-16,11,,1687017600,3,3,CHA,ARC,CHA,ARC,Chaos,Archers,Chaos,Archers,,,event_summary,2026-05-19T20:59:18Z,False,False,Archers at Chaos,,2,2,36,36,2,True,True,True
2023,regular,2023_ev12,192,2023_game_12,game-12-2023-06-16,game-12-2023-06-16,12,,1687042800,3,3,WHP,RED,WHP,RED,Whipsnakes,Redwoods,Whipsnakes,Redwoods,,,event_summary,2026-05-19T20:59:18Z,False,False,Redwoods at Whipsnakes,,2,2,36,36,2,True,True,True
2023,regular,2023_ev13,193,2023_game_13,game-13-2023-07-07,game-13-2023-07-07,13,,1688853600,3,3,CHR,WAT,OUT,WAT,Chrome,Waterdogs,Outlaws,Waterdogs,,,event_summary,2026-05-19T20:59:18Z,False,False,Waterdogs at Outlaws,,2,2,36,36,2,True,True,True
2023,regular,2023_ev14,194,2023_game_14,game-14-2023-07-07,game-14-2023-07-07,14,,1688862600,3,3,ATL,CAN,ATL,CAN,Atlas,Cannons,Atlas,Cannons,,,event_summary,2026-05-19T20:59:19Z,False,False,Cannons at Atlas,,2,2,37,37,2,True,True,True
2023,regular,2023_ev15,195,2023_game_15,game-15-2023-07-07,game-15-2023-07-07,15,,1688925600,3,3,CHA,RED,CHA,RED,Chaos,Redwoods,Chaos,Redwoods,,,event_summary,2026-05-19T20:59:19Z,False,False,Redwoods at Chaos,,2,2,36,36,2,True,True,True
2023,regular,2023_ev16,196,2023_game_16,game-16-2023-07-07,game-16-2023-07-07,16,,1688934600,3,3,ARC,WHP,ARC,WHP,Archers,Whipsnakes,Archers,Whipsnakes,,,event_summary,2026-05-19T20:59:19Z,False,False,Whipsnakes at Archers,,2,2,36,36,2,True,True,True
2023,regular,2023_ev17,197,2023_game_17,game-17-2023-07-14,game-17-2023-07-14,17,,1689372000,2,2,WHP,WAT,WHP,WAT,Whipsnakes,Waterdogs,Whipsnakes,Waterdogs,,,event_summary,2026-05-19T20:59:19Z,False,False,Waterdogs at Whipsnakes,,2,2,37,37,2,True,True,True
2023,regular,2023_ev18,198,2023_game_18,game-18-2023-07-14,game-18-2023-07-14,18,,1689381000,3,3,RED,ARC,RED,ARC,Redwoods,Archers,Redwoods,Archers,,,event_summary,2026-05-19T20:59:19Z,False,False,Archers at Redwoods,,2,2,36,36,2,True,True,True
2023,regular,2023_ev19,199,2023_game_19,game-19-2023-07-14,game-19-2023-07-14,19,,1689458400,3,3,CAN,CHR,CAN,OUT,Cannons,Chrome,Cannons,Outlaws,,,event_summary,2026-05-19T20:59:19Z,False,False,Outlaws at Cannons,,2,2,37,37,2,True,True,True
2023,regular,2023_ev20,200,2023_game_20,game-20-2023-07-14,game-20-2023-07-14,20,,1689467400,3,3,CHA,ATL,CHA,ATL,Chaos,Atlas,Chaos,Atlas,,,event_summary,2026-05-19T20:59:20Z,False,False,Atlas at Chaos,,2,2,36,36,2,True,True,True
2023,allstar,2023_ev22,202,2023_ev22,all-star-skills-2023-07-21,all-star-skills-2023-07-21,22,,1690063200,3,3,ASH,ASA,ASH,ASA,Veterans,Rising Stars,Veterans,Rising Stars,,,event_summary,2026-05-19T20:59:20Z,False,False,Rising Stars at Veterans,,0,0,0,0,0,False,False,False
2023,regular,2023_ev23,203,2023_game_23,game-23-2023-07-28,game-23-2023-07-28,23,,1690668000,3,3,CHR,ATL,OUT,ATL,Chrome,Atlas,Outlaws,Atlas,,,event_summary,2026-05-19T20:59:20Z,False,False,Atlas at Outlaws,,2,2,37,37,2,True,True,True
2023,regular,2023_ev24,204,2023_game_24,game-24-2023-07-28,game-24-2023-07-28,24,,1690677000,3,3,RED,CAN,RED,CAN,Redwoods,Cannons,Redwoods,Cannons,,,event_summary,2026-05-19T20:59:20Z,False,False,Cannons at Redwoods,,2,2,36,36,2,True,True,True
2023,regular,2023_ev25,205,2023_game_25,game-25-2023-07-28,game-25-2023-07-28,25,,1690743600,3,3,ARC,WAT,ARC,WAT,Archers,Waterdogs,Archers,Waterdogs,,,event_summary,2026-05-19T20:59:20Z,False,False,Waterdogs at Archers,,2,2,36,36,2,True,True,True
2023,regular,2023_ev26,206,2023_game_26,game-26-2023-07-28,game-26-2023-07-28,26,,1690752600,3,3,CHA,WHP,CHA,WHP,Chaos,Whipsnakes,Chaos,Whipsnakes,,,event_summary,2026-05-19T20:59:21Z,False,False,Whipsnakes at Chaos,,2,2,36,36,2,True,True,True
2023,regular,2023_ev27,207,2023_game_27,game-27-2023-08-04,game-27-2023-08-04,27,,1691262000,3,3,ATL,ARC,ATL,ARC,Atlas,Archers,Atlas,Archers,,,event_summary,2026-05-19T20:59:21Z,False,False,Archers at Atlas,,2,2,36,36,2,True,True,True
2023,regular,2023_ev28,208,2023_game_28,game-28-2023-08-04,game-28-2023-08-04,28,,1691271000,3,3,CHR,WHP,OUT,WHP,Chrome,Whipsnakes,Outlaws,Whipsnakes,,,event_summary,2026-05-19T20:59:21Z,False,False,Whipsnakes at Outlaws,,2,2,36,36,2,True,True,True
2023,regular,2023_ev29,209,2023_game_29,game-29-2023-08-04,game-29-2023-08-04,29,,1691341200,3,3,CHA,RED,CHA,RED,Chaos,Redwoods,Chaos,Redwoods,,,event_summary,2026-05-19T20:59:21Z,False,False,Redwoods at Chaos,,2,2,37,37,2,True,True,True
2023,regular,2023_ev30,210,2023_game_30,game-30-2023-08-04,game-30-2023-08-04,30,,1691350200,3,3,CAN,WAT,CAN,WAT,Cannons,Waterdogs,Cannons,Waterdogs,,,event_summary,2026-05-19T20:59:21Z,False,False,Waterdogs at Cannons,,2,2,36,36,2,True,True,True
2023,regular,2023_ev31,211,2023_game_31,game-31-2023-08-11,game-31-2023-08-11,31,,1691800200,3,3,WHP,CHA,WHP,CHA,Whipsnakes,Chaos,Whipsnakes,Chaos,,,event_summary,2026-05-19T20:59:21Z,False,False,Chaos at Whipsnakes,,2,2,36,36,2,True,True,True
2023,regular,2023_ev32,212,2023_game_32,game-32-2023-08-11,game-32-2023-08-11,32,,1691807400,3,3,ARC,CHR,ARC,OUT,Archers,Chrome,Archers,Outlaws,,,event_summary,2026-05-19T20:59:22Z,False,False,Outlaws at Archers,,2,2,38,38,2,True,True,True
2023,regular,2023_ev33,213,2023_game_33,game-33-2023-08-11,game-33-2023-08-11,33,,1691881200,3,3,WAT,ATL,WAT,ATL,Waterdogs,Atlas,Waterdogs,Atlas,,,event_summary,2026-05-19T20:59:22Z,False,False,Atlas at Waterdogs,,2,2,36,36,2,True,True,True
2023,regular,2023_ev34,214,2023_game_34,game-34-2023-08-11,game-34-2023-08-11,34,,1691890200,3,3,RED,CAN,RED,CAN,Redwoods,Cannons,Redwoods,Cannons,,,event_summary,2026-05-19T20:59:22Z,False,False,Cannons at Redwoods,,2,2,36,36,2,True,True,True
2023,regular,2023_ev35,215,2023_game_35,game-35-2023-08-18,game-35-2023-08-18,35,,1692406800,3,3,WHP,ARC,WHP,ARC,Whipsnakes,Archers,Whipsnakes,Archers,,,event_summary,2026-05-19T20:59:22Z,False,False,Archers at Whipsnakes,,2,2,37,37,2,True,True,True
2023,regular,2023_ev36,216,2023_game_36,game-36-2023-08-18,game-36-2023-08-18,36,,1692415800,3,3,CAN,ATL,CAN,ATL,Cannons,Atlas,Cannons,Atlas,,,event_summary,2026-05-19T20:59:22Z,False,False,Atlas at Cannons,,2,2,36,36,2,True,True,True
2023,regular,2023_ev37,217,2023_game_37,game-37-2023-08-18,game-37-2023-08-18,37,,1692489600,3,3,RED,CHR,RED,OUT,Redwoods,Chrome,Redwoods,Outlaws,,,event_summary,2026-05-19T20:59:23Z,False,False,Outlaws at Redwoods,,2,2,36,36,2,True,True,True
2023,regular,2023_ev38,218,2023_game_38,game-38-2023-08-18,game-38-2023-08-18,38,,1692498600,3,3,WAT,CHA,WAT,CHA,Waterdogs,Chaos,Waterdogs,Chaos,,,event_summary,2026-05-19T20:59:23Z,False,False,Chaos at Waterdogs,,2,2,36,36,2,True,True,True
2023,regular,2023_ev39,219,2023_game_39,game-39-2023-08-25,game-39-2023-08-25,39,,1693008000,3,3,WAT,ARC,WAT,ARC,Waterdogs,Archers,Waterdogs,Archers,,,event_summary,2026-05-19T20:59:23Z,False,False,Archers at Waterdogs,,2,2,38,38,2,True,True,True
2023,regular,2023_ev40,220,2023_game_40,game-40-2023-08-25,game-40-2023-08-25,40,,1693017000,3,3,RED,ATL,RED,ATL,Redwoods,Atlas,Redwoods,Atlas,,,event_summary,2026-05-19T20:59:23Z,False,False,Atlas at Redwoods,,2,2,36,36,2,True,True,True
2023,regular,2023_ev41,221,2023_game_41,game-41-2023-08-25,game-41-2023-08-25,41,,1693090800,3,3,WHP,CAN,WHP,CAN,Whipsnakes,Cannons,Whipsnakes,Cannons,,,event_summary,2026-05-19T20:59:23Z,False,False,Cannons at Whipsnakes,,2,2,36,36,2,True,True,True
2023,regular,2023_ev42,222,2023_game_42,game-42-2023-08-25,game-42-2023-08-25,42,,1693099800,2,2,CHR,CHA,OUT,CHA,Chrome,Chaos,Outlaws,Chaos,,,event_summary,2026-05-19T20:59:23Z,False,False,Chaos at Outlaws,,2,2,37,37,2,True,True,True
2023,post,2023_ev43,223,2023_ev43,playoffs-quarterfinal-1-2023-9-1,playoffs-quarterfinal-1-2023-9-1,43,,1693861200,3,3,CAN,ATL,CAN,ATL,Cannons,Atlas,Cannons,Atlas,,,event_summary,2026-05-19T20:59:24Z,False,False,Atlas at Cannons,,2,2,37,37,2,True,True,True
2023,post,2023_ev44,224,2023_ev44,playoffs-quarterfinal-2-2023-9-1,playoffs-quarterfinal-2-2023-9-1,44,,1693851600,2,2,WAT,WHP,WAT,WHP,Waterdogs,Whipsnakes,Waterdogs,Whipsnakes,,,event_summary,2026-05-19T20:59:24Z,False,False,Whipsnakes at Waterdogs,,2,2,37,37,2,True,True,True
2023,post,2023_ev45,225,2023_ev45,playoffs-quarterfinal-3-2023-9-1,playoffs-quarterfinal-3-2023-9-1,45,,1693842300,3,3,RED,CHA,RED,CHA,Redwoods,Chaos,Redwoods,Chaos,,,event_summary,2026-05-19T20:59:24Z,False,False,Chaos at Redwoods,,2,2,37,37,2,True,True,True
2023,post,2023_ev46,226,2023_ev46,playoffs-semifinal-1-2023-9-8,playoffs-semifinal-1-2023-9-8,46,,1694381400,3,3,CAN,WAT,CAN,WAT,Cannons,Waterdogs,Cannons,Waterdogs,,,event_summary,2026-05-19T20:59:24Z,False,False,Waterdogs at Cannons,,2,2,37,37,2,True,True,True
2023,post,2023_ev47,227,2023_ev47,playoffs-semifinal-2-2023-9-8,playoffs-semifinal-2-2023-9-8,47,,1694372400,3,3,ARC,RED,ARC,RED,Archers,Redwoods,Archers,Redwoods,,,event_summary,2026-05-19T20:59:24Z,False,False,Redwoods at Archers,,2,2,37,37,2,True,True,True
2023,post,2023_ev48,228,2023_ev48,championship-2023-9-22,championship-2023-9-22,48,,1695582000,2,2,ARC,WAT,ARC,WAT,Archers,Waterdogs,Archers,Waterdogs,,,event_summary,2026-05-19T20:59:24Z,False,False,Waterdogs at Archers,,2,2,37,37,2,True,True,True
2023,allstar,2023_ev21,201,2023_game_2023,all-star-game-2023-07-21,all-star-game-2023-07-21,2023,,1690068600,3,3,ASH,ASA,ASH,ASA,Veterans,Rising Stars,Veterans,Rising Stars,,,event_summary,2026-05-19T20:59:20Z,False,False,Rising Stars at Veterans,,2,2,0,0,0,True,False,False
2024,regular,2024_ev1,243,2024_game_1,2024_game_1,2024_game_1,1,,1717261200,3,3,WAT,ARC,WAT,ARC,Waterdogs,Archers,Waterdogs,Archers,,,event_summary,2026-05-19T20:59:25Z,False,False,Archers at Waterdogs,,2,2,37,37,2,True,True,True
2024,regular,2024_ev2,244,2024_game_2,2024_game_2,2024_game_2,2,,1717270200,3,3,ATL,CAN,ATL,CAN,Atlas,Cannons,Atlas,Cannons,,,event_summary,2026-05-19T20:59:25Z,False,False,Cannons at Atlas,,2,2,36,36,2,True,True,True
2024,regular,2024_ev3,245,2024_game_3,2024_game_3,2024_game_3,3,,1717347600,3,3,OUT,CHA,OUT,CHA,Outlaws,Chaos,Outlaws,Chaos,,,event_summary,2026-05-19T20:59:25Z,False,False,Chaos at Outlaws,,2,2,37,37,2,True,True,True
2024,regular,2024_ev4,246,2024_game_4,2024_game_4,2024_game_4,4,,1717356600,3,3,ATL,WHP,ATL,WHP,Atlas,Whipsnakes,Atlas,Whipsnakes,,,event_summary,2026-05-19T20:59:25Z,False,False,Whipsnakes at Atlas,,2,2,37,37,2,True,True,True
2024,regular,2024_ev5,247,2024_game_5,2024_game_5,2024_game_5,5,,1717797600,3,3,CHA,RED,CHA,RED,Chaos,Redwoods,Chaos,Redwoods,,,event_summary,2026-05-19T20:59:25Z,False,False,Redwoods at Chaos,,2,2,36,36,2,True,True,True
2024,regular,2024_ev6,248,2024_game_6,2024_game_6,2024_game_6,6,,1717806600,3,3,OUT,ARC,OUT,ARC,Outlaws,Archers,Outlaws,Archers,,,event_summary,2026-05-19T20:59:26Z,False,False,Archers at Outlaws,,2,2,35,35,2,True,True,True
2024,regular,2024_ev7,249,2024_game_7,2024_game_7,2024_game_7,7,,1717889400,3,3,CAN,WHP,CAN,WHP,Cannons,Whipsnakes,Cannons,Whipsnakes,,,event_summary,2026-05-19T20:59:26Z,False,False,Whipsnakes at Cannons,,2,2,36,36,2,True,True,True
2024,regular,2024_ev8,250,2024_game_8,2024_game_8,2024_game_8,8,,1717880400,3,3,CHA,ATL,CHA,ATL,Chaos,Atlas,Chaos,Atlas,,,event_summary,2026-05-19T20:59:26Z,False,False,Atlas at Chaos,,2,2,36,36,2,True,True,True
2024,regular,2024_ev9,251,2024_game_9,2024_game_9,2024_game_9,9,,1718469000,3,3,WAT,CAN,WAT,CAN,Waterdogs,Cannons,Waterdogs,Cannons,,,event_summary,2026-05-19T20:59:26Z,False,False,Cannons at Waterdogs,,2,2,37,37,2,True,True,True
2024,regular,2024_ev10,252,2024_game_10,2024_game_10,2024_game_10,10,,1718492400,3,3,CHA,ARC,CHA,ARC,Chaos,Archers,Chaos,Archers,,,event_summary,2026-05-19T20:59:26Z,False,False,Archers at Chaos,,2,2,35,35,2,True,True,True
2024,regular,2024_ev11,253,2024_game_11,2024_game_11,2024_game_11,11,,1718555400,3,3,ATL,RED,ATL,RED,Atlas,Redwoods,Atlas,Redwoods,,,event_summary,2026-05-19T20:59:27Z,False,False,Redwoods at Atlas,,2,2,36,36,2,True,True,True
2024,regular,2024_ev12,254,2024_game_12,2024_game_12,2024_game_12,12,,1718564400,3,3,WAT,WHP,WAT,WHP,Waterdogs,Whipsnakes,Waterdogs,Whipsnakes,,,event_summary,2026-05-19T20:59:27Z,False,False,Whipsnakes at Waterdogs,,2,2,36,36,2,True,True,True
2024,regular,2024_ev13,255,2024_game_13,2024_game_13,2024_game_13,13,,1719615600,3,3,WHP,ATL,WHP,ATL,Whipsnakes,Atlas,Whipsnakes,Atlas,,,event_summary,2026-05-19T20:59:27Z,False,False,Atlas at Whipsnakes,,2,2,37,37,2,True,True,True
2024,regular,2024_ev14,256,2024_game_14,2024_game_14,2024_game_14,14,,1719624600,3,3,ARC,CAN,ARC,CAN,Archers,Cannons,Archers,Cannons,,,event_summary,2026-05-19T20:59:27Z,False,False,Cannons at Archers,,2,2,36,36,2,True,True,True
2024,regular,2024_ev15,257,2024_game_15,2024_game_15,2024_game_15,15,,1719698400,3,3,OUT,RED,OUT,RED,Outlaws,Redwoods,Outlaws,Redwoods,,,event_summary,2026-05-19T20:59:27Z,False,False,Redwoods at Outlaws,,2,2,36,36,2,True,True,True
2024,regular,2024_ev16,258,2024_game_16,2024_game_16,2024_game_16,16,,1719707400,3,3,CHA,WAT,CHA,WAT,Chaos,Waterdogs,Chaos,Waterdogs,,,event_summary,2026-05-19T20:59:27Z,False,False,Waterdogs at Chaos,,2,2,36,36,2,True,True,True
2024,regular,2024_ev17,259,2024_game_17,2024_game_17,2024_game_17,17,,1720216800,3,3,CAN,RED,CAN,RED,Cannons,Redwoods,Cannons,Redwoods,,,event_summary,2026-05-19T20:59:28Z,False,False,Redwoods at Cannons,,2,2,36,36,2,True,True,True
2024,regular,2024_ev18,260,2024_game_18,2024_game_18,2024_game_18,18,,1720225800,3,3,ATL,OUT,ATL,OUT,Atlas,Outlaws,Atlas,Outlaws,,,event_summary,2026-05-19T20:59:28Z,False,False,Outlaws at Atlas,,2,2,36,36,2,True,True,True
2024,regular,2024_ev19,261,2024_game_19,2024_game_19,2024_game_19,19,,1720297800,3,3,WHP,ARC,WHP,ARC,Whipsnakes,Archers,Whipsnakes,Archers,,,event_summary,2026-05-19T20:59:28Z,False,False,Archers at Whipsnakes,,2,2,37,37,2,True,True,True
2024,regular,2024_ev20,262,2024_game_20,2024_game_20,2024_game_20,20,,1720306800,3,3,CAN,WAT,CAN,WAT,Cannons,Waterdogs,Cannons,Waterdogs,,,event_summary,2026-05-19T20:59:28Z,False,False,Waterdogs at Cannons,,2,2,37,37,2,True,True,True
2024,allstar,2024_all_star_game,263,2024_all_star_game,2024_all_star_game,2024_all_star_game,21,,1720897200,3,3,ASH,ASA,ASH,ASA,West,East,West,East,,,event_summary,2026-05-19T20:59:28Z,False,False,East at West,,2,2,0,0,0,True,False,False
2024,allstar,2024_all_star_skills,284,2024_all_star_skills,2024_all_star_skills,2024_all_star_skills,21,,1720890900,3,3,ASH,ASA,ASH,ASA,West,East,West,East,,,event_summary,2026-05-19T20:59:28Z,False,False,East at West,,0,0,0,0,0,False,False,False
2024,regular,2024_ev22,264,2024_game_22,2024_game_22,2024_game_22,22,,1721426400,3,3,WAT,OUT,WAT,OUT,Waterdogs,Outlaws,Waterdogs,Outlaws,,,event_summary,2026-05-19T20:59:29Z,False,False,Outlaws at Waterdogs,,2,2,36,36,2,True,True,True
2024,regular,2024_ev23,265,2024_game_23,2024_game_23,2024_game_23,23,,1721435400,3,3,WHP,CHA,WHP,CHA,Whipsnakes,Chaos,Whipsnakes,Chaos,,,event_summary,2026-05-19T20:59:29Z,False,False,Chaos at Whipsnakes,,2,2,36,36,2,True,True,True
2024,regular,2024_ev24,266,2024_game_24,2024_game_24,2024_game_24,24,,1721502000,3,3,CAN,ATL,CAN,ATL,Cannons,Atlas,Cannons,Atlas,,,event_summary,2026-05-19T20:59:29Z,False,False,Atlas at Cannons,,2,2,36,36,2,True,True,True
2024,regular,2024_ev25,267,2024_game_25,2024_game_25,2024_game_25,25,,1721511000,3,3,RED,ARC,RED,ARC,Redwoods,Archers,Redwoods,Archers,,,event_summary,2026-05-19T20:59:29Z,False,False,Archers at Redwoods,,2,2,37,37,2,True,True,True
2024,regular,2024_ev26,268,2024_game_26,2024_game_26,2024_game_26,26,,1722115800,3,3,RED,CHA,RED,CHA,Redwoods,Chaos,Redwoods,Chaos,,,event_summary,2026-05-19T20:59:29Z,False,False,Chaos at Redwoods,,2,2,36,36,2,True,True,True
2024,regular,2024_ev27,269,2024_game_27,2024_game_27,2024_game_27,27,,1722106800,3,3,CAN,OUT,CAN,OUT,Cannons,Outlaws,Cannons,Outlaws,,,event_summary,2026-05-19T20:59:29Z,False,False,Outlaws at Cannons,,2,2,36,36,2,True,True,True
2024,regular,2024_ev28,270,2024_game_28,2024_game_28,2024_game_28,28,,1722193200,3,3,ATL,WAT,ATL,WAT,Atlas,Waterdogs,Atlas,Waterdogs,,,event_summary,2026-05-19T20:59:30Z,False,False,Waterdogs at Atlas,,2,2,37,37,2,True,True,True
2024,regular,2024_ev29,271,2024_game_29,2024_game_29,2024_game_29,29,,1722202200,3,3,RED,WHP,RED,WHP,Redwoods,Whipsnakes,Redwoods,Whipsnakes,,,event_summary,2026-05-19T20:59:30Z,False,False,Whipsnakes at Redwoods,,2,2,36,36,2,True,True,True
2024,regular,2024_ev30,272,2024_game_30,2024_game_30,2024_game_30,30,,1722704400,3,3,WHP,WAT,WHP,WAT,Whipsnakes,Waterdogs,Whipsnakes,Waterdogs,,,event_summary,2026-05-19T20:59:30Z,False,False,Waterdogs at Whipsnakes,,2,2,37,37,2,True,True,True
2024,regular,2024_ev31,273,2024_game_31,2024_game_31,2024_game_31,31,,1722713400,3,3,RED,OUT,RED,OUT,Redwoods,Outlaws,Redwoods,Outlaws,,,event_summary,2026-05-19T20:59:30Z,False,False,Outlaws at Redwoods,,2,2,37,37,2,True,True,True
2024,regular,2024_ev32,274,2024_game_32,2024_game_32,2024_game_32,32,,1722789000,3,3,ARC,CHA,ARC,CHA,Archers,Chaos,Archers,Chaos,,,event_summary,2026-05-19T20:59:30Z,False,False,Chaos at Archers,,2,2,37,37,2,True,True,True
2024,regular,2024_ev33,275,2024_game_33,2024_game_33,2024_game_33,33,,1722798000,3,3,WHP,CAN,WHP,CAN,Whipsnakes,Cannons,Whipsnakes,Cannons,,,event_summary,2026-05-19T20:59:31Z,False,False,Cannons at Whipsnakes,,2,2,36,36,2,True,True,True
2024,regular,2024_ev34,276,2024_game_34,2024_game_34,2024_game_34,34,,1723248000,3,3,OUT,WHP,OUT,WHP,Outlaws,Whipsnakes,Outlaws,Whipsnakes,,,event_summary,2026-05-19T20:59:31Z,False,False,Whipsnakes at Outlaws,,2,2,35,35,2,True,True,True
2024,regular,2024_ev35,277,2024_game_35,2024_game_35,2024_game_35,35,,1723257000,3,3,RED,WAT,RED,WAT,Redwoods,Waterdogs,Redwoods,Waterdogs,,,event_summary,2026-05-19T20:59:31Z,False,False,Waterdogs at Redwoods,,2,2,37,37,2,True,True,True
2024,regular,2024_ev36,278,2024_game_36,2024_game_36,2024_game_36,36,,1723314600,3,3,ARC,ATL,ARC,ATL,Archers,Atlas,Archers,Atlas,,,event_summary,2026-05-19T20:59:31Z,False,False,Atlas at Archers,,2,2,36,36,2,True,True,True
2024,regular,2024_ev37,279,2024_game_37,2024_game_37,2024_game_37,37,,1723330800,3,3,OUT,CHA,OUT,CHA,Outlaws,Chaos,Outlaws,Chaos,,,event_summary,2026-05-19T20:59:31Z,False,False,Chaos at Outlaws,,2,2,36,36,2,True,True,True
2024,regular,2024_ev38,280,2024_game_38,2024_game_38,2024_game_38,38,,1723852800,3,3,ARC,RED,ARC,RED,Archers,Redwoods,Archers,Redwoods,,,event_summary,2026-05-19T20:59:31Z,False,False,Redwoods at Archers,,2,2,36,36,2,True,True,True
2024,regular,2024_ev39,281,2024_game_39,2024_game_39,2024_game_39,39,,1723861800,3,3,CHA,CAN,CHA,CAN,Chaos,Cannons,Chaos,Cannons,,,event_summary,2026-05-19T20:59:32Z,False,False,Cannons at Chaos,,2,2,37,37,2,True,True,True
2024,regular,2024_ev40,282,2024_game_40,2024_game_40,2024_game_40,40,,1723933800,3,3,WAT,ATL,WAT,ATL,Waterdogs,Atlas,Waterdogs,Atlas,,,event_summary,2026-05-19T20:59:32Z,False,False,Atlas at Waterdogs,,2,2,36,36,2,True,True,True
2024,regular,2024_ev41,283,2024_game_41,2024_game_41,2024_game_41,41,,1723942800,3,3,ARC,OUT,ARC,OUT,Archers,Outlaws,Archers,Outlaws,,,event_summary,2026-05-19T20:59:32Z,False,False,Outlaws at Archers,,2,2,36,36,2,True,True,True
2024,post,2024_ev42,285,2024_ev42,playoffs-quarterfinal-1-2024-9-2,playoffs-quarterfinal-1-2024-9-2,42,,1725307200,3,3,CAN,CHA,CAN,CHA,Cannons,Chaos,Cannons,Chaos,,,event_summary,2026-05-19T20:59:32Z,False,False,Chaos at Cannons,,2,2,36,36,2,True,True,True
2024,post,2024_ev43,286,2024_ev43,playoffs-quarterfinal-2-2024-9-2,playoffs-quarterfinal-2-2024-9-2,43,,1725316200,3,3,WHP,OUT,WHP,OUT,Whipsnakes,Outlaws,Whipsnakes,Outlaws,,,event_summary,2026-05-19T20:59:32Z,False,False,Outlaws at Whipsnakes,,2,2,36,36,2,True,True,True
2024,post,2024_ev44,294,2024_ev44,playoffs-semifinal-1-2024-9-8,playoffs-semifinal-1-2024-9-8,44,,1725742800,3,3,ATL,WHP,ATL,WHP,Atlas,Whipsnakes,Atlas,Whipsnakes,,,event_summary,2026-05-19T20:59:32Z,False,False,Whipsnakes at Atlas,,2,2,37,37,2,True,True,True
2024,post,2024_ev45,295,2024_ev45,playoffs-semifinal-2-2024-9-8,playoffs-semifinal-2-2024-9-8,45,,1725751800,3,3,ARC,CHA,ARC,CHA,Archers,Chaos,Archers,Chaos,,,event_summary,2026-05-19T20:59:33Z,False,False,Chaos at Archers,,2,2,36,36,2,True,True,True
2024,post,2024_ev46,289,2024_ev46,championship-2024-9-15,championship-2024-9-15,46,,1726426800,3,3,ARC,WHP,ARC,WHP,Archers,Whipsnakes,Archers,Whipsnakes,,,event_summary,2026-05-19T20:59:33Z,False,False,Whipsnakes at Archers,,2,2,36,36,2,True,True,True
2025,regular,2025_ev_1,333,2025_game_1,2025_game_1,2025_game_1,1,,1748642400,3,3,ATL,CHA,ATL,CHA,Atlas,Chaos,Atlas,Chaos,,,event_summary,2026-05-19T20:59:33Z,False,False,Chaos at Atlas,,2,2,35,35,2,True,True,True
2025,regular,2025_ev_2,334,2025_game_2,2025_game_2,2025_game_2,2,,1748651400,3,3,OUT,RED,OUT,RED,Outlaws,Redwoods,Outlaws,Redwoods,,,event_summary,2026-05-19T20:59:33Z,False,False,Redwoods at Outlaws,,2,2,35,35,2,True,True,True
2025,regular,2025_ev_3,335,2025_game_3,2025_game_3,2025_game_3,3,,1748710800,3,3,ARC,WHP,ARC,WHP,Archers,Whipsnakes,Archers,Whipsnakes,,,event_summary,2026-05-19T20:59:34Z,False,False,Whipsnakes at Archers,,2,2,35,35,2,True,True,True
2025,regular,2025_ev_4,336,2025_game_4,2025_game_4,2025_game_4,4,,1748732400,3,3,ATL,CAN,ATL,CAN,Atlas,Cannons,Atlas,Cannons,,,event_summary,2026-05-19T20:59:34Z,False,False,Cannons at Atlas,,2,2,37,37,2,True,True,True
2025,regular,2025_ev_5,337,2025_game_5,2025_game_5,2025_game_5,5,,1749247200,3,3,CHA,OUT,CHA,OUT,Chaos,Outlaws,Chaos,Outlaws,,,event_summary,2026-05-19T20:59:34Z,False,False,Outlaws at Chaos,,2,2,36,36,2,True,True,True
2025,regular,2025_ev_6,338,2025_game_6,2025_game_6,2025_game_6,6,,1749256200,3,3,WHP,WAT,WHP,WAT,Whipsnakes,Waterdogs,Whipsnakes,Waterdogs,,,event_summary,2026-05-19T20:59:34Z,False,False,Waterdogs at Whipsnakes,,2,2,35,35,2,True,True,True
2025,regular,2025_ev_7,339,2025_game_7,2025_game_7,2025_game_7,7,,1749315600,3,3,CAN,ARC,CAN,ARC,Cannons,Archers,Cannons,Archers,,,event_summary,2026-05-19T20:59:34Z,False,False,Archers at Cannons,,2,2,35,35,2,True,True,True
2025,regular,2025_ev_8,340,2025_game_8,2025_game_8,2025_game_8,8,,1749337200,3,3,CHA,RED,CHA,RED,Chaos,Redwoods,Chaos,Redwoods,,,event_summary,2026-05-19T20:59:34Z,False,False,Redwoods at Chaos,,2,2,36,36,2,True,True,True
2025,regular,2025_ev_9,341,2025_game_9,2025_game_9,2025_game_9,9,,1749852000,3,3,WAT,CAN,WAT,CAN,Waterdogs,Cannons,Waterdogs,Cannons,,,event_summary,2026-05-19T20:59:35Z,False,False,Cannons at Waterdogs,,2,2,36,36,2,True,True,True
2025,regular,2025_ev_10,342,2025_game_10,2025_game_10,2025_game_10,10,,1749861000,3,3,ARC,RED,ARC,RED,Archers,Redwoods,Archers,Redwoods,,,event_summary,2026-05-19T20:59:35Z,False,False,Redwoods at Archers,,2,2,36,36,2,True,True,True
2025,regular,2025_ev_11,343,2025_game_11,2025_game_11,2025_game_11,11,,1749920400,3,3,WHP,ATL,WHP,ATL,Whipsnakes,Atlas,Whipsnakes,Atlas,,,event_summary,2026-05-19T20:59:35Z,False,False,Atlas at Whipsnakes,,2,2,36,36,2,True,True,True
2025,regular,2025_ev_12,344,2025_game_12,2025_game_12,2025_game_12,12,,1749942000,3,3,WAT,OUT,WAT,OUT,Waterdogs,Outlaws,Waterdogs,Outlaws,,,event_summary,2026-05-19T20:59:35Z,False,False,Outlaws at Waterdogs,,2,2,36,36,2,True,True,True
2025,regular,2025_ev_13,345,2025_game_13,2025_game_13,2025_game_13,13,,1750536000,3,3,WAT,ATL,WAT,ATL,Waterdogs,Atlas,Waterdogs,Atlas,,,event_summary,2026-05-19T20:59:35Z,False,False,Atlas at Waterdogs,,2,2,36,36,2,True,True,True
2025,regular,2025_ev_14,346,2025_game_14,2025_game_14,2025_game_14,14,,1750546800,3,3,WHP,CAN,WHP,CAN,Whipsnakes,Cannons,Whipsnakes,Cannons,,,event_summary,2026-05-19T20:59:35Z,False,False,Cannons at Whipsnakes,,2,2,36,36,2,True,True,True
2025,regular,2025_ev_15,347,2025_game_15,2025_game_15,2025_game_15,15,,1750608000,3,3,OUT,ARC,OUT,ARC,Outlaws,Archers,Outlaws,Archers,,,event_summary,2026-05-19T20:59:36Z,False,False,Archers at Outlaws,,2,2,36,36,2,True,True,True
2025,regular,2025_ev_16,348,2025_game_16,2025_game_16,2025_game_16,16,,1750617000,3,3,WHP,CHA,WHP,CHA,Whipsnakes,Chaos,Whipsnakes,Chaos,,,event_summary,2026-05-19T20:59:36Z,False,False,Chaos at Whipsnakes,,2,2,38,38,2,True,True,True
2025,regular,2025_ev_17,349,2025_game_17,2025_game_17,2025_game_17,17,,1751072400,3,3,RED,OUT,RED,OUT,Redwoods,Outlaws,Redwoods,Outlaws,,,event_summary,2026-05-19T20:59:36Z,False,False,Outlaws at Redwoods,,2,2,36,36,2,True,True,True
2025,regular,2025_ev_18,350,2025_game_18,2025_game_18,2025_game_18,18,,1751081400,3,3,ATL,ARC,ATL,ARC,Atlas,Archers,Atlas,Archers,,,event_summary,2026-05-19T20:59:36Z,False,False,Archers at Atlas,,2,2,36,36,2,True,True,True
2025,regular,2025_ev_19,351,2025_game_19,2025_game_19,2025_game_19,19,,1751148000,3,3,RED,WAT,RED,WAT,Redwoods,Waterdogs,Redwoods,Waterdogs,,,event_summary,2026-05-19T20:59:36Z,False,False,Waterdogs at Redwoods,,2,2,36,36,2,True,True,True
2025,regular,2025_ev_20,352,2025_game_20,2025_game_20,2025_game_20,20,,1751157000,3,3,CHA,CAN,CHA,CAN,Chaos,Cannons,Chaos,Cannons,,,event_summary,2026-05-19T20:59:36Z,False,False,Cannons at Chaos,,2,2,36,36,2,True,True,True
2025,allstar,2025_all_star_skills,353,2025_all_star_skills,2025_all_star_skills,2025_all_star_skills,21,,1751667300,3,3,ASW,ASE,ASW,ASE,West,East,West,East,,,event_summary,2026-05-19T20:59:37Z,False,False,East at West,,0,0,0,0,0,False,False,False
2025,allstar,2025_all_star_game,354,2025_all_star_game,2025_all_star_game,2025_all_star_game,22,,1751734800,3,3,ASW,ASE,ASW,ASE,West,East,West,East,,,event_summary,2026-05-19T20:59:37Z,False,False,East at West,,2,2,37,37,2,True,True,True
2025,regular,2025_ev_23,355,2025_game_23,2025_game_23,2025_game_23,23,,1752274800,3,3,CAN,ATL,CAN,ATL,Cannons,Atlas,Cannons,Atlas,,,event_summary,2026-05-19T20:59:37Z,False,False,Atlas at Cannons,,2,2,36,36,2,True,True,True
2025,regular,2025_ev_24,356,2025_game_24,2025_game_24,2025_game_24,24,,1752283800,3,3,WAT,ARC,WAT,ARC,Waterdogs,Archers,Waterdogs,Archers,,,event_summary,2026-05-19T20:59:37Z,False,False,Archers at Waterdogs,,2,2,36,36,2,True,True,True
2025,regular,2025_ev_25,357,2025_game_25,2025_game_25,2025_game_25,25,,1752361200,3,3,RED,CHA,RED,CHA,Redwoods,Chaos,Redwoods,Chaos,,,event_summary,2026-05-19T20:59:37Z,False,False,Chaos at Redwoods,,2,2,36,36,2,True,True,True
2025,regular,2025_ev_26,358,2025_game_26,2025_game_26,2025_game_26,26,,1752370200,3,3,WHP,OUT,WHP,OUT,Whipsnakes,Outlaws,Whipsnakes,Outlaws,,,event_summary,2026-05-19T20:59:38Z,False,False,Outlaws at Whipsnakes,,2,2,36,36,2,True,True,True
2025,regular,2025_ev_27,359,2025_game_27,2025_game_27,2025_game_27,27,,1752877800,3,3,RED,ATL,RED,ATL,Redwoods,Atlas,Redwoods,Atlas,,,event_summary,2026-05-19T20:59:38Z,False,False,Atlas at Redwoods,,2,2,36,36,2,True,True,True
2025,regular,2025_ev_28,360,2025_game_28,2025_game_28,2025_game_28,28,,1752886800,3,3,CHA,ARC,CHA,ARC,Chaos,Archers,Chaos,Archers,,,event_summary,2026-05-19T20:59:38Z,False,False,Archers at Chaos,,2,2,36,36,2,True,True,True
2025,regular,2025_ev_29,361,2025_game_29,2025_game_29,2025_game_29,29,,1752951600,3,3,OUT,CAN,OUT,CAN,Outlaws,Cannons,Outlaws,Cannons,,,event_summary,2026-05-19T20:59:38Z,False,False,Cannons at Outlaws,,2,2,36,36,2,True,True,True
2025,regular,2025_ev_30,362,2025_game_30,2025_game_30,2025_game_30,30,,1752969600,3,3,WAT,WHP,WAT,WHP,Waterdogs,Whipsnakes,Waterdogs,Whipsnakes,,,event_summary,2026-05-19T20:59:38Z,False,False,Whipsnakes at Waterdogs,,2,2,36,36,2,True,True,True
2025,regular,2025_ev_31,363,2025_game_31,2025_game_31,2025_game_31,31,,1753488000,3,3,ARC,RED,ARC,RED,Archers,Redwoods,Archers,Redwoods,,,event_summary,2026-05-19T20:59:38Z,False,False,Redwoods at Archers,,2,2,36,36,2,True,True,True
2025,regular,2025_ev_32,364,2025_game_32,2025_game_32,2025_game_32,32,,1753497000,3,3,ATL,WHP,ATL,WHP,Atlas,Whipsnakes,Atlas,Whipsnakes,,,event_summary,2026-05-19T20:59:39Z,False,False,Whipsnakes at Atlas,,2,2,37,37,2,True,True,True
2025,regular,2025_ev_33,365,2025_game_33,2025_game_33,2025_game_33,33,,1753569000,3,3,CHA,WAT,CHA,WAT,Chaos,Waterdogs,Chaos,Waterdogs,,,event_summary,2026-05-19T20:59:39Z,False,False,Waterdogs at Chaos,,2,2,37,37,2,True,True,True
2025,regular,2025_ev_34,366,2025_game_34,2025_game_34,2025_game_34,34,,1753578000,3,3,ARC,OUT,ARC,OUT,Archers,Outlaws,Archers,Outlaws,,,event_summary,2026-05-19T20:59:39Z,False,False,Outlaws at Archers,,2,2,37,37,2,True,True,True
2025,regular,2025_ev_35,367,2025_game_35,2025_game_35,2025_game_35,35,,1754092800,3,3,OUT,CHA,OUT,CHA,Outlaws,Chaos,Outlaws,Chaos,,,event_summary,2026-05-19T20:59:39Z,False,False,Chaos at Outlaws,,2,2,36,36,2,True,True,True
2025,regular,2025_ev_36,368,2025_game_36,2025_game_36,2025_game_36,36,,1754101800,3,3,CAN,WAT,CAN,WAT,Cannons,Waterdogs,Cannons,Waterdogs,,,event_summary,2026-05-19T20:59:39Z,False,False,Waterdogs at Cannons,,2,2,37,37,2,True,True,True
2025,regular,2025_ev_37,369,2025_game_37,2025_game_37,2025_game_37,37,,1754179200,3,3,RED,WHP,RED,WHP,Redwoods,Whipsnakes,Redwoods,Whipsnakes,,,event_summary,2026-05-19T20:59:40Z,False,False,Whipsnakes at Redwoods,,2,2,37,37,2,True,True,True
2025,regular,2025_ev_38,370,2025_game_38,2025_game_38,2025_game_38,38,,1754154000,3,3,OUT,ATL,OUT,ATL,Outlaws,Atlas,Outlaws,Atlas,,,event_summary,2026-05-19T20:59:39Z,False,False,Atlas at Outlaws,,2,2,36,36,2,True,True,True
2025,regular,2025_ev_39,371,2025_game_39,2025_game_39,2025_game_39,39,,1754692200,3,3,CAN,RED,CAN,RED,Cannons,Redwoods,Cannons,Redwoods,,,event_summary,2026-05-19T20:59:40Z,False,False,Redwoods at Cannons,,2,2,36,36,2,True,True,True
2025,regular,2025_ev_40,372,2025_game_40,2025_game_40,2025_game_40,40,,1754701200,3,3,ARC,CHA,ARC,CHA,Archers,Chaos,Archers,Chaos,,,event_summary,2026-05-19T20:59:40Z,False,False,Chaos at Archers,,2,2,36,36,2,True,True,True
2025,regular,2025_ev_41,373,2025_game_41,2025_game_41,2025_game_41,41,,1754758800,3,3,ATL,WAT,ATL,WAT,Atlas,Waterdogs,Atlas,Waterdogs,,,event_summary,2026-05-19T20:59:40Z,False,False,Waterdogs at Atlas,,2,2,36,36,2,True,True,True
2025,regular,2025_ev_42,374,2025_game_42,2025_game_42,2025_game_42,42,,1754780400,3,3,CAN,WHP,CAN,WHP,Cannons,Whipsnakes,Cannons,Whipsnakes,,,event_summary,2026-05-19T20:59:40Z,False,False,Whipsnakes at Cannons,,2,2,36,36,2,True,True,True
2025,post,2025_ev_43,375,2025_ev_43,2025_quarterfinal_1,2025_quarterfinal_1,43,,1755986400,3,3,WHP,WAT,WHP,WAT,Whipsnakes,Waterdogs,Whipsnakes,Waterdogs,,,event_summary,2026-05-19T20:59:41Z,False,False,Waterdogs at Whipsnakes,,2,2,36,36,2,True,True,True
2025,post,2025_ev_44,376,2025_ev_44,2025_quarterfinal_2,2025_quarterfinal_2,44,,1755995400,3,3,RED,CHA,RED,CHA,Redwoods,Chaos,Redwoods,Chaos,,,event_summary,2026-05-19T20:59:41Z,False,False,Chaos at Redwoods,,2,2,36,36,2,True,True,True
2025,post,2025_ev_47,379,2025_ev_47,2025_semifinal_1,2025_semifinal_1,45,,1756753200,3,3,OUT,RED,OUT,RED,Outlaws,Redwoods,Outlaws,Redwoods,,,event_summary,2026-05-19T20:59:41Z,False,False,Redwoods at Outlaws,,2,2,36,36,2,True,True,True
2025,post,2025_ev_48,380,2025_ev_48,2025_semifinal_2,2025_semifinal_2,46,,1756742400,3,3,ATL,WAT,ATL,WAT,Atlas,Waterdogs,Atlas,Waterdogs,,,event_summary,2026-05-19T20:59:41Z,False,False,Waterdogs at Atlas,,2,2,36,36,2,True,True,True
2025,post,2025_ev_49,381,2025_ev_49,2025_championship_game,2025_championship_game,47,,1757867400,3,3,OUT,ATL,OUT,ATL,Outlaws,Atlas,Outlaws,Atlas,,,event_summary,2026-05-19T20:59:41Z,False,False,Atlas at Outlaws,,2,2,36,36,2,True,True,True
2026,allstar,2026_all_star_game,494,2026_game_1,2026-all-star-game,2026-all-star-game,1,,1783274400,0,0,,,,,,,,,,,event_list,2026-05-19T20:59:41Z,False,False,,,2,2,36,36,2,True,True,True
2026,regular,2026_game_1,465,2026_game_1,2026-ev-1,2026-ev-1,1,,1778284800,3,3,ARC,RED,ARC,RED,Archers,Redwoods,Archers,Redwoods,,,event_summary,2026-05-19T20:59:42Z,False,False,Redwoods at Archers,,2,2,36,36,2,True,True,True
2026,regular,2026_game_2,466,2026_game_2,2026-ev-2,2026-ev-2,2,,1778293800,3,3,CHA,ATL,CHA,ATL,Chaos,Atlas,Chaos,Atlas,,,event_summary,2026-05-19T20:59:42Z,False,False,Atlas at Chaos,,2,2,36,36,2,True,True,True
2026,regular,2026_game_3,467,2026_game_3,2026-ev-3,2026-ev-3,3,,1778367600,3,3,ARC,OUT,ARC,OUT,Archers,Outlaws,Archers,Outlaws,,,event_summary,2026-05-19T20:59:42Z,False,False,Outlaws at Archers,,2,2,35,35,2,True,True,True
2026,regular,2026_game_4,468,2026_game_4,2026-ev-4,2026-ev-4,4,,1778358600,3,3,WHP,WAT,WHP,WAT,Whipsnakes,Waterdogs,Whipsnakes,Waterdogs,,,event_summary,2026-05-19T20:59:42Z,False,False,Waterdogs at Whipsnakes,,2,2,35,35,2,True,True,True
2026,regular,2026_game_5,470,2026_game_5,2026-ev-5,2026-ev-5,5,,1778882400,3,3,CAN,CHA,CAN,CHA,Cannons,Chaos,Cannons,Chaos,,,event_summary,2026-05-19T20:59:42Z,False,False,Chaos at Cannons,,2,2,36,36,2,True,True,True
2026,regular,2026_game_6,471,2026_game_6,2026-ev-6,2026-ev-6,6,,1778891400,3,3,WHP,ATL,WHP,ATL,Whipsnakes,Atlas,Whipsnakes,Atlas,,,event_summary,2026-05-19T20:59:42Z,False,False,Atlas at Whipsnakes,,2,2,36,36,2,True,True,True
2026,regular,2026_game_7,472,2026_game_7,2026-ev-7,2026-ev-7,7,,1778950800,3,3,OUT,RED,OUT,RED,Outlaws,Redwoods,Outlaws,Redwoods,,,event_summary,2026-05-19T20:59:43Z,False,False,Redwoods at Outlaws,,2,2,36,36,2,True,True,True
2026,regular,2026_game_8,473,2026_game_8,2026-ev-8,2026-ev-8,8,,1778976000,3,3,CAN,WAT,CAN,WAT,Cannons,Waterdogs,Cannons,Waterdogs,,,event_summary,2026-05-19T20:59:43Z,False,False,Waterdogs at Cannons,,2,2,35,35,2,True,True,True
2026,regular,2026_game_9,474,2026_game_9,2026-ev-9,2026-ev-9,9,,1780092000,0,0,WHP,CAN,WHP,CAN,Whipsnakes,Cannons,Whipsnakes,Cannons,,,event_summary,2026-05-19T20:59:43Z,False,False,Cannons at Whipsnakes,,0,0,0,0,0,False,False,False
2026,regular,2026_game_10,476,2026_game_10,2026-ev-10,2026-ev-10,10,,1780160400,0,0,OUT,ATL,OUT,ATL,Outlaws,Atlas,Outlaws,Atlas,,,event_summary,2026-05-19T20:59:43Z,False,False,Atlas at Outlaws,,0,0,0,0,0,False,False,False
2026,regular,2026_game_11,477,2026_game_11,2026-ev-11,2026-ev-11,11,,1780176600,0,0,WHP,ARC,WHP,ARC,Whipsnakes,Archers,Whipsnakes,Archers,,,event_summary,2026-05-19T20:59:43Z,False,False,Archers at Whipsnakes,,0,0,0,0,0,False,False,False
2026,regular,2026_game_12,478,2026_game_12,2026-ev-12,2026-ev-12,12,,1780185600,0,0,WAT,CHA,WAT,CHA,Waterdogs,Chaos,Waterdogs,Chaos,,,event_summary,2026-05-19T20:59:43Z,False,False,Chaos at Waterdogs,,0,0,0,0,0,False,False,False
2026,regular,2026_game_13,479,2026_game_13,2026-ev-13,2026-ev-13,13,,1780696800,0,0,CHA,ARC,CHA,ARC,Chaos,Archers,Chaos,Archers,,,event_summary,2026-05-19T20:59:44Z,False,False,Archers at Chaos,,0,0,0,0,0,False,False,False
2026,regular,2026_game_14,481,2026_game_14,2026-ev-14,2026-ev-14,14,,1780705800,0,0,ATL,RED,ATL,RED,Atlas,Redwoods,Atlas,Redwoods,,,event_summary,2026-05-19T20:59:44Z,False,False,Redwoods at Atlas,,0,0,0,0,0,False,False,False
2026,regular,2026_game_15,482,2026_game_15,2026-ev-15,2026-ev-15,15,,1780781400,0,0,CHA,OUT,CHA,OUT,Chaos,Outlaws,Chaos,Outlaws,,,event_summary,2026-05-19T20:59:44Z,False,False,Outlaws at Chaos,,0,0,0,0,0,False,False,False
2026,regular,2026_game_16,483,2026_game_16,2026-ev-16,2026-ev-16,16,,1780790400,0,0,WAT,CAN,WAT,CAN,Waterdogs,Cannons,Waterdogs,Cannons,,,event_summary,2026-05-19T20:59:44Z,False,False,Cannons at Waterdogs,,0,0,0,0,0,False,False,False
2026,regular,2026_game_17,484,2026_game_17,2026-ev-17,2026-ev-17,17,,1781906400,0,0,ATL,CAN,ATL,CAN,Atlas,Cannons,Atlas,Cannons,,,event_summary,2026-05-19T20:59:44Z,False,False,Cannons at Atlas,,0,0,0,0,0,False,False,False
2026,regular,2026_game_18,486,2026_game_18,2026-ev-18,2026-ev-18,18,,1781915400,0,0,RED,ARC,RED,ARC,Redwoods,Archers,Redwoods,Archers,,,event_summary,2026-05-19T20:59:44Z,False,False,Archers at Redwoods,,0,0,0,0,0,False,False,False
2026,regular,2026_game_19,487,2026_game_19,2026-ev-19,2026-ev-19,19,,1782003600,0,0,ATL,WHP,ATL,WHP,Atlas,Whipsnakes,Atlas,Whipsnakes,,,event_summary,2026-05-19T20:59:45Z,False,False,Whipsnakes at Atlas,,0,0,0,0,0,False,False,False
2026,regular,2026_game_20,488,2026_game_20,2026-ev-20,2026-ev-20,20,,1785027600,0,0,OUT,WAT,OUT,WAT,Outlaws,Waterdogs,Outlaws,Waterdogs,,,event_summary,2026-05-19T20:59:48Z,False,False,Waterdogs at Outlaws,,0,0,0,0,0,False,False,False
2026,regular,2026_game_21,489,2026_game_21,2026-ev-21,2026-ev-21,21,,1782590400,0,0,OUT,WHP,OUT,WHP,Outlaws,Whipsnakes,Outlaws,Whipsnakes,,,event_summary,2026-05-19T20:59:45Z,False,False,Whipsnakes at Outlaws,,0,0,0,0,0,False,False,False
2026,regular,2026_game_22,490,2026_game_22,2026-ev-22,2026-ev-22,22,,1782606600,0,0,RED,CAN,RED,CAN,Redwoods,Cannons,Redwoods,Cannons,,,event_summary,2026-05-19T20:59:45Z,False,False,Cannons at Redwoods,,0,0,0,0,0,False,False,False
2026,regular,2026_game_23,492,2026_game_23,2026-ev-23,2026-ev-23,23,,1782676800,0,0,ARC,WAT,ARC,WAT,Archers,Waterdogs,Archers,Waterdogs,,,event_summary,2026-05-19T20:59:45Z,False,False,Waterdogs at Archers,,0,0,0,0,0,False,False,False
2026,regular,2026_game_24,493,2026_game_24,2026-ev-24,2026-ev-24,24,,1782685800,0,0,RED,CHA,RED,CHA,Redwoods,Chaos,Redwoods,Chaos,,,event_summary,2026-05-19T20:59:45Z,False,False,Chaos at Redwoods,,0,0,0,0,0,False,False,False
2026,regular,2026_game_25,496,2026_game_25,2026-ev-25,2026-ev-25,25,,1783722600,0,0,RED,WAT,RED,WAT,Redwoods,Waterdogs,Redwoods,Waterdogs,,,event_summary,2026-05-19T20:59:46Z,False,False,Waterdogs at Redwoods,,0,0,0,0,0,False,False,False
2026,regular,2026_game_26,497,2026_game_26,2026-ev-26,2026-ev-26,26,,1783819800,0,0,CHA,WHP,CHA,WHP,Chaos,Whipsnakes,Chaos,Whipsnakes,,,event_summary,2026-05-19T20:59:46Z,False,False,Whipsnakes at Chaos,,0,0,0,0,0,False,False,False
2026,regular,2026_game_27,498,2026_game_27,2026-ev-27,2026-ev-27,27,,1783731600,0,0,ATL,ARC,ATL,ARC,Atlas,Archers,Atlas,Archers,,,event_summary,2026-05-19T20:59:46Z,False,False,Archers at Atlas,,0,0,0,0,0,False,False,False
2026,regular,2026_game_28,500,2026_game_28,2026-ev-28,2026-ev-28,28,,1783792800,0,0,CAN,OUT,CAN,OUT,Cannons,Outlaws,Cannons,Outlaws,,,event_summary,2026-05-19T20:59:46Z,False,False,Outlaws at Cannons,,0,0,0,0,0,False,False,False
2026,regular,2026_game_29,501,2026_game_29,2026-ev-29,2026-ev-29,29,,1784325600,0,0,WHP,RED,WHP,RED,Whipsnakes,Redwoods,Whipsnakes,Redwoods,,,event_summary,2026-05-19T20:59:46Z,False,False,Redwoods at Whipsnakes,,0,0,0,0,0,False,False,False
2026,regular,2026_game_30,503,2026_game_30,2026-ev-30,2026-ev-30,30,,1784397600,0,0,OUT,CHA,OUT,CHA,Outlaws,Chaos,Outlaws,Chaos,,,event_summary,2026-05-19T20:59:47Z,False,False,Chaos at Outlaws,,0,0,0,0,0,False,False,False
2026,regular,2026_game_31,504,2026_game_31,2026-ev-31,2026-ev-31,31,,1784406600,0,0,WAT,ARC,WAT,ARC,Waterdogs,Archers,Waterdogs,Archers,,,event_summary,2026-05-19T20:59:47Z,False,False,Archers at Waterdogs,,0,0,0,0,0,False,False,False
2026,regular,2026_game_32,505,2026_game_32,2026-ev-32,2026-ev-32,32,,1784487600,0,0,CAN,ATL,CAN,ATL,Cannons,Atlas,Cannons,Atlas,,,event_summary,2026-05-19T20:59:47Z,False,False,Atlas at Cannons,,0,0,0,0,0,False,False,False
2026,regular,2026_game_33,506,2026_game_33,2026-ev-33,2026-ev-33,33,,1784937600,0,0,OUT,ARC,OUT,ARC,Outlaws,Archers,Outlaws,Archers,,,event_summary,2026-05-19T20:59:47Z,False,False,Archers at Outlaws,,0,0,0,0,0,False,False,False
2026,regular,2026_game_34,507,2026_game_34,2026-ev-34,2026-ev-34,34,,1784946600,0,0,ATL,WAT,ATL,WAT,Atlas,Waterdogs,Atlas,Waterdogs,,,event_summary,2026-05-19T20:59:47Z,False,False,Waterdogs at Atlas,,0,0,0,0,0,False,False,False
2026,regular,2026_game_35,508,2026_game_35,2026-ev-35,2026-ev-35,35,,1785002400,0,0,CHA,CAN,CHA,CAN,Chaos,Cannons,Chaos,Cannons,,,event_summary,2026-05-19T20:59:47Z,False,False,Cannons at Chaos,,0,0,0,0,0,False,False,False
2026,regular,2026_game_36,509,2026_game_36,2026-ev-36,2026-ev-36,36,,1785018600,0,0,ARC,WHP,ARC,WHP,Archers,Whipsnakes,Archers,Whipsnakes,,,event_summary,2026-05-19T20:59:48Z,False,False,Whipsnakes at Archers,,0,0,0,0,0,False,False,False
2026,regular,2026_game_37,510,2026_game_37,2026-ev-37,2026-ev-37,37,,1785535200,0,0,CHA,RED,CHA,RED,Chaos,Redwoods,Chaos,Redwoods,,,event_summary,2026-05-19T20:59:48Z,False,False,Redwoods at Chaos,,0,0,0,0,0,False,False,False
2026,regular,2026_game_38,511,2026_game_38,2026-ev-38,2026-ev-38,38,,1785544200,0,0,ARC,CAN,ARC,CAN,Archers,Cannons,Archers,Cannons,,,event_summary,2026-05-19T20:59:48Z,False,False,Cannons at Archers,,0,0,0,0,0,False,False,False
2026,regular,2026_game_39,512,2026_game_39,2026-ev-39,2026-ev-39,39,,1785601800,0,0,WHP,OUT,WHP,OUT,Whipsnakes,Outlaws,Whipsnakes,Outlaws,,,event_summary,2026-05-19T20:59:48Z,False,False,Outlaws at Whipsnakes,,0,0,0,0,0,False,False,False
2026,regular,2026_game_40,513,2026_game_40,2026-ev-40,2026-ev-40,40,,1785610800,0,0,WAT,CHA,WAT,CHA,Waterdogs,Chaos,Waterdogs,Chaos,,,event_summary,2026-05-19T20:59:49Z,False,False,Chaos at Waterdogs,,0,0,0,0,0,False,False,False
2026,regular,2026_game_41,514,2026_game_41,2026-ev-41,2026-ev-41,41,,1785697200,0,0,RED,ATL,RED,ATL,Redwoods,Atlas,Redwoods,Atlas,,,event_summary,2026-05-19T20:59:49Z,False,False,Atlas at Redwoods,,0,0,0,0,0,False,False,False
2026,regular,2026_game_42,515,2026_game_42,2026-ev-42,2026-ev-42,42,,1786140000,0,0,CAN,WHP,CAN,WHP,Cannons,Whipsnakes,Cannons,Whipsnakes,,,event_summary,2026-05-19T20:59:49Z,False,False,Whipsnakes at Cannons,,0,0,0,0,0,False,False,False
2026,regular,2026_game_43,516,2026_game_43,2026-ev-43,2026-ev-43,43,,1786149000,0,0,ARC,CHA,ARC,CHA,Archers,Chaos,Archers,Chaos,,,event_summary,2026-05-19T20:59:49Z,False,False,Chaos at Archers,,0,0,0,0,0,False,False,False
2026,regular,2026_game_44,517,2026_game_44,2026-ev-44,2026-ev-44,44,,1786208400,0,0,ATL,OUT,ATL,OUT,Atlas,Outlaws,Atlas,Outlaws,,,event_summary,2026-05-19T20:59:49Z,False,False,Outlaws at Atlas,,0,0,0,0,0,False,False,False
2026,regular,2026_game_45,519,2026_game_45,2026-ev-45,2026-ev-45,45,,1786233600,0,0,CAN,RED,CAN,RED,Cannons,Redwoods,Cannons,Redwoods,,,event_summary,2026-05-19T20:59:49Z,False,False,Redwoods at Cannons,,0,0,0,0,0,False,False,False
2026,regular,2026_game_46,520,2026_game_46,2026-ev-46,2026-ev-46,46,,1786816800,0,0,WAT,WHP,WAT,WHP,Waterdogs,Whipsnakes,Waterdogs,Whipsnakes,,,event_summary,2026-05-19T20:59:50Z,False,False,Whipsnakes at Waterdogs,,0,0,0,0,0,False,False,False
2026,regular,2026_game_47,522,2026_game_47,2026-ev-47,2026-ev-47,47,,1786899600,0,0,WAT,ATL,WAT,ATL,Waterdogs,Atlas,Waterdogs,Atlas,,,event_summary,2026-05-19T20:59:50Z,False,False,Atlas at Waterdogs,,0,0,0,0,0,False,False,False
2026,regular,2026_game_48,523,2026_game_48,2026-ev-48,2026-ev-48,48,,1786908600,0,0,RED,OUT,RED,OUT,Redwoods,Outlaws,Redwoods,Outlaws,,,event_summary,2026-05-19T20:59:50Z,False,False,Outlaws at Redwoods,,0,0,0,0,0,False,False,False
2026,post,2026_game_49,524,2026_game_49,2026-quarterfinals-1,2026-quarterfinals-1,49,,1788040800,0,0,,,,,,,,,,,event_list,2026-05-19T20:59:41Z,False,False,,,0,0,0,0,0,False,False,False
2026,post,2026_game_50,525,2026_game_50,2026-quarterfinals-2,2026-quarterfinals-2,50,,1788049800,0,0,,,,,,,,,,,event_list,2026-05-19T20:59:41Z,False,False,,,0,0,0,0,0,False,False,False
2026,post,2026_game_51,526,2026_game_51,2026-semifinal-1,2026-semifinal-1,51,,1788807600,0,0,,,,,,,,,,,event_list,2026-05-19T20:59:41Z,False,False,,,0,0,0,0,0,False,False,False
2026,post,2026_game_52,527,2026_game_52,2026-semifinal-2,2026-semifinal-2,52,,1788816600,0,0,,,,,,,,,,,event_list,2026-05-19T20:59:41Z,False,False,,,0,0,0,0,0,False,False,False
2026,post,2026_game_54,529,2026_game_54,2026-championship-game,2026-championship-game,54,,1789921800,0,0,,,,,,,,,,,event_list,2026-05-19T20:59:41Z,False,False,,,0,0,0,0,0,False,False,False
