player_id,full_name,first_name,last_name,normalized_name,position,position_name,latest_team_id,latest_team_name,first_season,last_season,games_in_database
003111,AJ Mercurio,AJ,Mercurio,aj mercurio,D,Defense,WAT,Waterdogs,2024,2024,1
003190,AJ Pilate,AJ,Pilate,aj pilate,D,Defense,OUT,Outlaws,2025,2025,3
001846,Adam Charalambides,Adam,Charalambides,adam charalambides,A,Attack,CHA,Chaos,2022,2026,17
000201,Adam Ghitelman,Adam,Ghitelman,adam ghitelman,G,Goalie,CAN,Cannons,2022,2025,16
003100,Adam Poitras,Adam,Poitras,adam poitras,M,Midfield,WHP,Whipsnakes,2024,2026,23
003165,Aidan Carroll,Aidan,Carroll,aidan carroll,A,Attack,WHP,Whipsnakes,2025,2026,14
003156,Aidan Danenza,Aidan,Danenza,aidan danenza,M,Midfield,RED,Redwoods,2025,2026,10
003238,Aidan McLane,Aidan,McLane,aidan mclane,M,Midfield,ATL,Atlas,2026,2026,1
003077,Ajax Zappitello,Ajax,Zappitello,ajax zappitello,D,Defense,WHP,Whipsnakes,2024,2026,27
003119,Alec Stathakis,Alec,Stathakis,alec stathakis,FO,Faceoff,WAT,Waterdogs,2024,2025,19
003028,Alex Mazzone,Alex,Mazzone,alex mazzone,LSM,Long Stick Midfield,WHP,Whipsnakes,2023,2025,20
003045,Alex Simmons,Alex,Simmons,alex simmons,A,Attack,RED,Redwoods,2024,2024,1
001763,Alex Woodall,Alex,Woodall,alex woodall,FO,Faceoff,CAN,Cannons,2022,2022,4
002074,Alexander Smith,Alexander,Smith,alexander smith,SSDM,Defensive Midfield,OUT,Outlaws,2023,2026,26
003088,Alexander Vardaro,Alexander,Vardaro,alexander vardaro,M,Midfield,CAN,Cannons,2024,2025,12
001662,Andrew Kew,Andrew,Kew,andrew kew,A,Attack,CHA,Chaos,2022,2022,1
003160,Andrew McAdorey,Andrew,McAdorey,andrew mcadorey,M,Midfield,RED,Redwoods,2025,2026,15
001740,Andrew Newbold,Andrew,Newbold,andrew newbold,LSM,Long Stick Midfield,CAN,Cannons,2022,2022,4
002065,Anthony DeMaio,Anthony,DeMaio,anthony demaio,M,Midfield,RED,Redwoods,2022,2023,5
002017,Arden Cohen,Arden,Cohen,arden cohen,LSM,Long Stick Midfield,RED,Redwoods,2022,2026,42
002024,Asher Nolting,Asher,Nolting,asher nolting,A,Attack,CAN,Cannons,2022,2026,46
000815,Austin Kaut,Austin,Kaut,austin kaut,G,Goalie,CHA,Chaos,2022,2026,12
003059,BJ Farrare,BJ,Farrare,bj farrare,LSM,Long Stick Midfield,RED,Redwoods,2024,2026,16
003087,Beau Pederson,Beau,Pederson,beau pederson,SSDM,Defensive Midfield,ARC,Archers,2024,2026,24
003184,Ben Ramsey,Ben,Ramsey,ben ramsey,SSDM,Defensive Midfield,CAN,Cannons,2025,2026,12
001406,Ben Randall,Ben,Randall,ben randall,D,Defense,OUT,Outlaws,2022,2026,52
003179,Ben Wayer,Ben,Wayer,ben wayer,LSM,Long Stick Midfield,WAT,Waterdogs,2025,2026,14
000258,Blaze Riorden,Blaze,Riorden,blaze riorden,G,Goalie,CHA,Chaos,2022,2026,47
000390,Brad Smith,Brad,Smith,brad smith,M,Midfield,WHP,Whipsnakes,2022,2026,31
001727,Bradley Voigt,Bradley,Voigt,bradley voigt,A,Attack,CHA,Chaos,2022,2023,2
003121,Brayden Mayea,Brayden,Mayea,brayden mayea,A,Attack,RED,Redwoods,2024,2026,5
001657,Brendan Bomberry,Brendan,Bomberry,brendan bomberry,A,Attack,CAN,Cannons,2022,2022,3
002027,Brendan Curry,Brendan,Curry,brendan curry,M,Midfield,ATL,Atlas,2022,2023,12
000421,Brendan Kavanagh,Brendan,Kavanagh,brendan kavanagh,A,Attack,OUT,Outlaws,2022,2022,1
002059,Brendan Krebs,Brendan,Krebs,brendan krebs,G,Goalie,WHP,Whipsnakes,2023,2025,21
003163,Brendan Lavelle,Brendan,Lavelle,brendan lavelle,D,Defense,ARC,Archers,2025,2026,12
002023,Brendan Nichtern,Brendan,Nichtern,brendan nichtern,A,Attack,CHA,Chaos,2022,2026,16
002072,Brennan Kamish,Brennan,Kamish,brennan kamish,SSDM,Defensive Midfield,WHP,Whipsnakes,2022,2022,6
003075,Brennan O'Neill,Brennan,O'Neill,brennan oneill,A,Attack,OUT,Outlaws,2024,2026,26
000310,Brent Adams,Brent,Adams,brent adams,M,Midfield,ATL,Atlas,2022,2022,2
002026,Brett Dobson,Brett,Dobson,brett dobson,G,Goalie,ARC,Archers,2022,2025,36
002020,Brett Kennedy,Brett,Kennedy,brett kennedy,LSM,Long Stick Midfield,WHP,Whipsnakes,2022,2024,9
003009,Brett Makar,Brett,Makar,brett makar,D,Defense,ATL,Atlas,2023,2026,36
003195,Brian Kelly,Brian,Kelly,brian kelly,A,Attack,CAN,Cannons,2026,2026,1
003016,Brian Minicus,Brian,Minicus,brian minicus,M,Midfield,CHA,Chaos,2023,2024,23
000614,Brian Phipps,Brian,Phipps,brian phipps,G,Goalie,WHP,Whipsnakes,2022,2023,3
003024,Brian Tevlin,Brian,Tevlin,brian tevlin,SSDM,Defensive Midfield,RED,Redwoods,2023,2026,34
000260,Brodie Merrill,Brodie,Merrill,brodie merrill,LSM,Long Stick Midfield,CAN,Cannons,2022,2022,6
000946,Bryan Cole,Bryan,Cole,bryan cole,M,Midfield,WHP,Whipsnakes,2022,2022,9
000395,Bryan Costabile,Bryan,Costabile,bryan costabile,M,Midfield,ATL,Atlas,2022,2026,48
002037,Bryan McIntosh,Bryan,McIntosh,bryan mcintosh,D,Defense,CAN,Cannons,2022,2022,3
003188,Bryce Ford,Bryce,Ford,bryce ford,M,Midfield,ARC,Archers,2025,2026,4
001417,Bryce Wasserman,Bryce,Wasserman,bryce wasserman,A,Attack,CHA,Chaos,2022,2022,2
000337,Bryce Young,Bryce,Young,bryce young,D,Defense,CAN,Cannons,2022,2025,43
002025,Bubba Fairman,Bubba,Fairman,bubba fairman,SSDM,Defensive Midfield,CAN,Cannons,2022,2024,33
000727,CJ Costabile,CJ,Costabile,cj costabile,LSM,Long Stick Midfield,CHA,Chaos,2022,2024,29
003159,CJ Kirst,CJ,Kirst,cj kirst,A,Attack,WAT,Waterdogs,2025,2025,6
003203,CK Giancola,CK,Giancola,ck giancola,M,Midfield,ARC,Archers,2026,2026,2
000376,Cade van Raaphorst,Cade,van Raaphorst,cade van raaphorst,D,Defense,CAN,Cannons,2022,2024,32
003007,Cam Wyers,Cam,Wyers,cam wyers,D,Defense,ARC,Archers,2023,2026,28
003110,Carter Parlette,Carter,Parlette,carter parlette,SSDM,Defensive Midfield,RED,Redwoods,2025,2025,1
003185,Carter Rice,Carter,Rice,carter rice,SSDM,Defensive Midfield,RED,Redwoods,2025,2026,14
000921,Challen Rogers,Challen,Rogers,challen rogers,M,Midfield,ARC,Archers,2022,2024,21
001832,Charlie Bertrand,Charlie,Bertrand,charlie bertrand,M,Midfield,RED,Redwoods,2022,2025,41
001733,Charlie Hayes,Charlie,Hayes,charlie hayes,SSDM,Defensive Midfield,WAT,Waterdogs,2023,2026,21
002007,Charlie Kitchen,Charlie,Kitchen,charlie kitchen,A,Attack,WAT,Waterdogs,2022,2022,1
001793,Chase Fraser,Chase,Fraser,chase fraser,A,Attack,CHA,Chaos,2022,2023,14
003102,Chayse Ierlan,Chayse,Ierlan,chayse ierlan,G,Goalie,RED,Redwoods,2024,2025,14
003039,Chet Comizio,Chet,Comizio,chet comizio,SSDM,Defensive Midfield,ATL,Atlas,2023,2026,31
001729,Chris Aslanian,Chris,Aslanian,chris aslanian,M,Midfield,CHA,Chaos,2022,2026,30
000231,Chris Cloutier,Chris,Cloutier,chris cloutier,A,Attack,CHA,Chaos,2022,2023,16
003109,Chris Conlin,Chris,Conlin,chris conlin,D,Defense,RED,Redwoods,2024,2026,23
003029,Chris Fake,Chris,Fake,chris fake,D,Defense,RED,Redwoods,2023,2026,25
002016,Chris Gray,Chris,Gray,chris gray,A,Attack,RED,Redwoods,2022,2024,31
003168,Chris Kavanagh,Chris,Kavanagh,chris kavanagh,A,Attack,RED,Redwoods,2025,2025,13
002054,Chris Merle,Chris,Merle,chris merle,SSDM,Defensive Midfield,RED,Redwoods,2023,2026,23
000368,Chris Sabia,Chris,Sabia,chris sabia,LSM,Long Stick Midfield,WAT,Waterdogs,2022,2024,26
000204,Christian Cuccinello,Christian,Cuccinello,christian cuccinello,A,Attack,CAN,Cannons,2022,2022,2
003180,Christian Mazur,Christian,Mazur,christian mazur,SSDM,Defensive Midfield,WHP,Whipsnakes,2025,2025,11
000411,Christian Mazzone,Christian,Mazzone,christian mazzone,M,Midfield,WAT,Waterdogs,2022,2022,1
001795,Christian Scarpello,Christian,Scarpello,christian scarpello,SSDM,Defensive Midfield,CHA,Chaos,2022,2026,38
000369,Clarke Petterson,Clarke,Petterson,clarke petterson,A,Attack,ATL,Atlas,2022,2022,2
003097,Colby Barsz,Colby,Barsz,colby barsz,D,Defense,ARC,Archers,2024,2024,3
003105,Cole Kastner,Cole,Kastner,cole kastner,D,Defense,RED,Redwoods,2025,2026,9
003025,Cole Kirst,Cole,Kirst,cole kirst,M,Midfield,RED,Redwoods,2023,2025,17
001843,Cole Williams,Cole,Williams,cole williams,M,Midfield,CHA,Chaos,2022,2026,9
001009,Colin Heacock,Colin,Heacock,colin heacock,M,Midfield,WHP,Whipsnakes,2022,2026,43
002045,Colin Hinton,Colin,Hinton,colin hinton,D,Defense,WHP,Whipsnakes,2022,2022,1
002038,Colin Kirst,Colin,Kirst,colin kirst,G,Goalie,CAN,Cannons,2022,2026,37
003194,Colin Sharkey,Colin,Sharkey,colin sharkey,SSDM,Defensive Midfield,ARC,Archers,2026,2026,2
001831,Colin Squires,Colin,Squires,colin squires,LSM,Long Stick Midfield,WHP,Whipsnakes,2022,2025,46
002051,Connor DeSimone,Connor,DeSimone,connor desimone,A,Attack,ARC,Archers,2022,2023,7
000366,Connor Farrell,Connor,Farrell,connor farrell,FO,Faceoff,WAT,Waterdogs,2022,2026,23
000262,Connor Fields,Connor,Fields,connor fields,A,Attack,ARC,Archers,2022,2026,43
000339,Connor Kelly,Connor,Kelly,connor kelly,M,Midfield,WAT,Waterdogs,2022,2026,47
001815,Connor Kirst,Connor,Kirst,connor kirst,M,Midfield,CAN,Cannons,2022,2026,44
003005,Connor Maher,Connor,Maher,connor maher,SSDM,Defensive Midfield,ARC,Archers,2023,2026,36
003076,Connor Shellenberger,Connor,Shellenberger,connor shellenberger,A,Attack,ATL,Atlas,2024,2026,24
003242,Cooper Frankenheimer,Cooper,Frankenheimer,cooper frankenheimer,SSDM,Defensive Midfield,ATL,Atlas,2026,2026,1
003162,Coulter Mackesy,Coulter,Mackesy,coulter mackesy,A,Attack,CAN,Cannons,2025,2026,10
000406,Craig Chick,Craig,Chick,craig chick,LSM,Long Stick Midfield,CAN,Cannons,2022,2024,21
003022,Cross Ferrara,Cross,Ferrara,cross ferrara,M,Midfield,CHA,Chaos,2023,2025,25
003106,Dalton Young,Dalton,Young,dalton young,M,Midfield,OUT,Outlaws,2024,2026,25
001746,Daniel Bucaro,Daniel,Bucaro,daniel bucaro,M,Midfield,ATL,Atlas,2022,2022,11
001819,Danny Logan,Danny,Logan,danny logan,SSDM,Defensive Midfield,ATL,Atlas,2022,2025,46
000266,Dhane Smith,Dhane,Smith,dhane smith,M,Midfield,CHA,Chaos,2022,2023,19
000418,Dillon Ward,Dillon,Ward,dillon ward,G,Goalie,RED,Redwoods,2022,2026,34
000207,Dominique Alexander,Dominique,Alexander,dominique alexander,SSDM,Defensive Midfield,ARC,Archers,2022,2022,12
001816,Dox Aitken,Dox,Aitken,dox aitken,M,Midfield,ATL,Atlas,2022,2025,23
002014,Drake Porter,Drake,Porter,drake porter,G,Goalie,ATL,Atlas,2023,2023,3
003068,Dylan Gergar,Dylan,Gergar,dylan gergar,M,Midfield,OUT,Outlaws,2024,2024,2
003101,Dylan Hess,Dylan,Hess,dylan hess,SSDM,Defensive Midfield,WAT,Waterdogs,2025,2026,14
001001,Dylan Molloy,Dylan,Molloy,dylan molloy,A,Attack,RED,Redwoods,2022,2026,35
003090,Dyson Williams,Dyson,Williams,dyson williams,M,Midfield,ARC,Archers,2024,2026,18
000314,Eddy Glazener,Eddy,Glazener,eddy glazener,D,Defense,RED,Redwoods,2022,2023,22
000410,Eli Gobrecht,Eli,Gobrecht,eli gobrecht,D,Defense,WAT,Waterdogs,2022,2025,44
000422,Eli Salama,Eli,Salama,eli salama,LSM,Long Stick Midfield,OUT,Outlaws,2022,2023,21
003176,Emmet Carroll,Emmet,Carroll,emmet carroll,G,Goalie,WHP,Whipsnakes,2025,2026,10
003086,Eric Dobson,Eric,Dobson,eric dobson,M,Midfield,CHA,Chaos,2024,2025,9
000234,Eric Law,Eric,Law,eric law,A,Attack,OUT,Outlaws,2022,2025,30
003250,Eric Spanos,Eric,Spanos,eric spanos,A,Attack,CHA,Chaos,2026,2026,2
003041,Ethan Rall,Ethan,Rall,ethan rall,LSM,Long Stick Midfield,CAN,Cannons,2023,2026,34
001835,Ethan Walker,Ethan,Walker,ethan walker,A,Attack,WAT,Waterdogs,2022,2024,35
003270,Evan Plunkett,Evan,Plunkett,evan plunkett,M,Midfield,OUT,Outlaws,2026,2026,1
000417,Finn Sullivan,Finn,Sullivan,finn sullivan,D,Defense,CAN,Cannons,2022,2023,9
002047,Frankie Labetti,Frankie,Labetti,frankie labetti,FO,Faceoff,ARC,Archers,2022,2022,2
003091,Garrett Degnon,Garrett,Degnon,garrett degnon,M,Midfield,CHA,Chaos,2024,2025,8
000315,Garrett Epple,Garrett,Epple,garrett epple,D,Defense,CAN,Cannons,2022,2025,45
003033,Garrett Leadmon,Garrett,Leadmon,garrett leadmon,M,Midfield,WHP,Whipsnakes,2023,2024,8
003008,Gavin Adler,Gavin,Adler,gavin adler,D,Defense,WAT,Waterdogs,2023,2026,33
000922,Graeme Hossack,Graeme,Hossack,graeme hossack,D,Defense,ARC,Archers,2022,2025,45
003085,Graham Bundy,Graham,Bundy,graham bundy,M,Midfield,OUT,Outlaws,2024,2026,25
000391,Grant Ament,Grant,Ament,grant ament,M,Midfield,ARC,Archers,2022,2025,38
003157,Graydon Hogg,Graydon,Hogg,graydon hogg,A,Attack,CAN,Cannons,2025,2026,5
003056,Grayson Sallade,Grayson,Sallade,grayson sallade,SSDM,Defensive Midfield,WHP,Whipsnakes,2023,2023,1
003206,Greg Langermeier,Greg,Langermeier,greg langermeier,SSDM,Defensive Midfield,CHA,Chaos,2025,2025,10
001415,Greg Weyl,Greg,Weyl,greg weyl,LSM,Long Stick Midfield,OUT,Outlaws,2023,2026,8
001766,Holden Garlent,Holden,Garlent,holden garlent,D,Defense,RED,Redwoods,2022,2024,18
003186,Hugh Kelleher,Hugh,Kelleher,hugh kelleher,M,Midfield,ATL,Atlas,2025,2025,8
000211,Ian MacKay,Ian,MacKay,ian mackay,SSDM,Defensive Midfield,CHA,Chaos,2022,2024,30
001010,Isaiah Davis-Allen,Isaiah,Davis-Allen,isaiah davisallen,SSDM,Defensive Midfield,RED,Redwoods,2022,2024,29
001797,JD Colarusso,JD,Colarusso,jd colarusso,G,Goalie,ATL,Atlas,2022,2022,3
003149,JJ Sillstrop,JJ,Sillstrop,jj sillstrop,M,Midfield,CHA,Chaos,2025,2025,10
001811,JT Giles-Harris,JT,Giles-Harris,jt gilesharris,D,Defense,OUT,Outlaws,2022,2026,47
000241,Jack Concannon,Jack,Concannon,jack concannon,G,Goalie,ATL,Atlas,2022,2023,23
003112,Jack DiBenedetto,Jack,DiBenedetto,jack dibenedetto,D,Defense,WAT,Waterdogs,2024,2025,4
003183,Jack Gray,Jack,Gray,jack gray,SSDM,Defensive Midfield,OUT,Outlaws,2025,2026,8
002028,Jack Hannah,Jack,Hannah,jack hannah,M,Midfield,WAT,Waterdogs,2022,2026,45
001719,Jack Jasinski,Jack,Jasinski,jack jasinski,M,Midfield,ARC,Archers,2022,2022,1
000318,Jack Kelly,Jack,Kelly,jack kelly,G,Goalie,RED,Redwoods,2022,2024,30
001817,Jack Kielty,Jack,Kielty,jack kielty,D,Defense,CAN,Cannons,2022,2026,34
003142,Jack Koras,Jack,Koras,jack koras,M,Midfield,WHP,Whipsnakes,2024,2024,7
003173,Jack McDonald,Jack,McDonald,jack mcdonald,LSM,Long Stick Midfield,WHP,Whipsnakes,2025,2026,7
003021,Jack Myers,Jack,Myers,jack myers,A,Attack,OUT,Outlaws,2023,2024,4
000319,Jack Near,Jack,Near,jack near,SSDM,Defensive Midfield,RED,Redwoods,2022,2022,8
003260,Jack Pilling,Jack,Pilling,jack pilling,SSDM,Defensive Midfield,WHP,Whipsnakes,2026,2026,1
003128,Jack Posey,Jack,Posey,jack posey,D,Defense,WHP,Whipsnakes,2024,2026,12
000365,Jack Rowlett,Jack,Rowlett,jack rowlett,D,Defense,CHA,Chaos,2022,2026,49
003120,Jack VanOverbeke,Jack,VanOverbeke,jack vanoverbeke,M,Midfield,OUT,Outlaws,2024,2025,10
003192,Jackson Eicher,Jackson,Eicher,jackson eicher,A,Attack,CHA,Chaos,2025,2026,13
001836,Jackson Morrill,Jackson,Morrill,jackson morrill,A,Attack,WHP,Whipsnakes,2022,2024,25
002040,Jackson Reid,Jackson,Reid,jackson reid,M,Midfield,WHP,Whipsnakes,2022,2023,7
000345,Jake Bernhardt,Jake,Bernhardt,jake bernhardt,SSDM,Defensive Midfield,WHP,Whipsnakes,2022,2026,44
001818,Jake Carraway,Jake,Carraway,jake carraway,M,Midfield,WAT,Waterdogs,2022,2024,20
000267,Jake Froccaro,Jake,Froccaro,jake froccaro,M,Midfield,CAN,Cannons,2022,2022,6
002036,Jake Higgins,Jake,Higgins,jake higgins,SSDM,Defensive Midfield,WAT,Waterdogs,2022,2023,21
003136,Jake Naso,Jake,Naso,jake naso,FO,Faceoff,ARC,Archers,2025,2025,4
003083,Jake Piseno,Jake,Piseno,jake piseno,LSM,Long Stick Midfield,OUT,Outlaws,2024,2026,26
000424,Jake Pulver,Jake,Pulver,jake pulver,D,Defense,CAN,Cannons,2022,2024,26
000235,Jake Richard,Jake,Richard,jake richard,SSDM,Defensive Midfield,WAT,Waterdogs,2022,2024,31
003084,Jake Stevens,Jake,Stevens,jake stevens,M,Midfield,ATL,Atlas,2024,2026,21
003167,Jake Taylor,Jake,Taylor,jake taylor,A,Attack,WAT,Waterdogs,2025,2026,11
000427,Jake Withers,Jake,Withers,jake withers,FO,Faceoff,WAT,Waterdogs,2022,2022,10
002055,Jakob Phaup,Jakob,Phaup,jakob phaup,FO,Faceoff,ATL,Atlas,2022,2022,1
000268,James Barclay,James,Barclay,james barclay,D,Defense,OUT,Outlaws,2022,2022,2
003030,James Reilly,James,Reilly,james reilly,FO,Faceoff,CHA,Chaos,2023,2024,4
003152,James Shipley,James,Shipley,james shipley,SSDM,Defensive Midfield,WHP,Whipsnakes,2026,2026,1
001827,Jared Bernhardt,Jared,Bernhardt,jared bernhardt,A,Attack,OUT,Outlaws,2025,2026,13
001813,Jared Conners,Jared,Conners,jared conners,LSM,Long Stick Midfield,RED,Redwoods,2022,2026,47
000269,Jarrod Neumann,Jarrod,Neumann,jarrod neumann,D,Defense,CHA,Chaos,2022,2026,52
000346,Jay Carlson,Jay,Carlson,jay carlson,A,Attack,WHP,Whipsnakes,2022,2022,9
003054,Jeff Conner,Jeff,Conner,jeff conner,M,Midfield,WAT,Waterdogs,2023,2023,5
001809,Jeff Teat,Jeff,Teat,jeff teat,A,Attack,ATL,Atlas,2022,2025,47
001826,Jeff Trainor,Jeff,Trainor,jeff trainor,SSDM,Defensive Midfield,CAN,Cannons,2022,2026,40
000213,Jerry Ragonese,Jerry,Ragonese,jerry ragonese,FO,Faceoff,CHA,Chaos,2022,2022,1
000405,Jesse Bernhardt,Jesse,Bernhardt,jesse bernhardt,D,Defense,OUT,Outlaws,2022,2025,39
000425,Jesse King,Jesse,King,jesse king,M,Midfield,OUT,Outlaws,2023,2023,6
003181,Jimmy Freehill,Jimmy,Freehill,jimmy freehill,D,Defense,WAT,Waterdogs,2025,2026,13
003255,Joe Juengerkes,Joe,Juengerkes,joe juengerkes,SSDM,Defensive Midfield,WHP,Whipsnakes,2026,2026,2
002064,Joe Robertson,Joe,Robertson,joe robertson,A,Attack,RED,Redwoods,2022,2022,4
000238,John Crawley,John,Crawley,john crawley,M,Midfield,ATL,Atlas,2022,2022,9
003049,John Geppert,John,Geppert,john geppert,LSM,Long Stick Midfield,ATL,Atlas,2023,2023,4
000294,John Ranagan,John,Ranagan,john ranagan,M,Midfield,OUT,Outlaws,2022,2022,4
000322,John Sexton,John,Sexton,john sexton,LSM,Long Stick Midfield,RED,Redwoods,2022,2023,18
000377,Johnny Surdick,Johnny,Surdick,johnny surdick,D,Defense,CHA,Chaos,2023,2023,2
002042,Jon Robbins,Jon,Robbins,jon robbins,LSM,Long Stick Midfield,ATL,Atlas,2022,2026,31
002030,Jonathan Donville,Jonathan,Donville,jonathan donville,M,Midfield,OUT,Outlaws,2022,2026,29
000295,Jordan MacIntosh,Jordan,MacIntosh,jordan macintosh,M,Midfield,OUT,Outlaws,2022,2023,19
000350,Joseph Nardella,Joseph,Nardella,joseph nardella,FO,Faceoff,WHP,Whipsnakes,2022,2025,36
003211,Josh Balcarcel,Josh,Balcarcel,josh balcarcel,M,Midfield,RED,Redwoods,2025,2026,14
000272,Josh Byrne,Josh,Byrne,josh byrne,A,Attack,CHA,Chaos,2022,2024,29
003092,Josh Zawada,Josh,Zawada,josh zawada,A,Attack,CHA,Chaos,2024,2025,20
000351,Jules Heningburg,Jules,Heningburg,jules heningburg,M,Midfield,CAN,Cannons,2022,2025,38
001828,Justin Anderson,Justin,Anderson,justin anderson,M,Midfield,OUT,Outlaws,2022,2026,47
000298,Justin Guterding,Justin,Guterding,justin guterding,M,Midfield,ATL,Atlas,2022,2023,12
002032,Justin Inacio,Justin,Inacio,justin inacio,FO,Faceoff,CHA,Chaos,2022,2026,21
002034,Keegan Khan,Keegan,Khan,keegan khan,M,Midfield,WHP,Whipsnakes,2022,2024,18
003089,Kenny Brower,Kenny,Brower,kenny brower,D,Defense,WAT,Waterdogs,2025,2026,12
002046,Kevin Lindley,Kevin,Lindley,kevin lindley,A,Attack,CHA,Chaos,2023,2023,2
003182,Kevin Parnham,Kevin,Parnham,kevin parnham,D,Defense,OUT,Outlaws,2026,2026,1
002001,Kevin Rogers,Kevin,Rogers,kevin rogers,M,Midfield,RED,Redwoods,2022,2023,8
003072,Kevin Winkoff,Kevin,Winkoff,kevin winkoff,M,Midfield,WHP,Whipsnakes,2024,2024,3
000240,Kieran McArdle,Kieran,McArdle,kieran mcardle,A,Attack,WAT,Waterdogs,2022,2026,51
002019,Koby Smith,Koby,Smith,koby smith,LSM,Long Stick Midfield,ATL,Atlas,2022,2025,27
003193,Kyle Aldridge,Kyle,Aldridge,kyle aldridge,SSDM,Defensive Midfield,WHP,Whipsnakes,2025,2025,2
000353,Kyle Bernlohr,Kyle,Bernlohr,kyle bernlohr,G,Goalie,WHP,Whipsnakes,2022,2024,23
003052,Kyle Borda,Kyle,Borda,kyle borda,M,Midfield,WAT,Waterdogs,2023,2023,2
000242,Kyle Hartzell,Kyle,Hartzell,kyle hartzell,LSM,Long Stick Midfield,CAN,Cannons,2022,2023,17
000978,Kyle Jackson,Kyle,Jackson,kyle jackson,M,Midfield,ATL,Atlas,2022,2026,39
001741,Kyle Pless,Kyle,Pless,kyle pless,LSM,Long Stick Midfield,ATL,Atlas,2022,2022,1
001796,Latrell Harris,Latrell,Harris,latrell harris,SSDM,Defensive Midfield,ARC,Archers,2022,2023,23
003094,Levi Anderson,Levi,Anderson,levi anderson,M,Midfield,ATL,Atlas,2024,2026,21
003171,Levi Verch,Levi,Verch,levi verch,LSM,Long Stick Midfield,CHA,Chaos,2025,2025,11
000925,Liam Byrnes,Liam,Byrnes,liam byrnes,D,Defense,CHA,Chaos,2022,2026,34
003079,Liam Entenmann,Liam,Entenmann,liam entenmann,G,Goalie,ATL,Atlas,2024,2026,22
003259,Liam Kammar,Liam,Kammar,liam kammar,SSDM,Defensive Midfield,ATL,Atlas,2026,2026,2
003143,Logan McGovern,Logan,McGovern,logan mcgovern,M,Midfield,ATL,Atlas,2024,2024,3
003169,Logan McNaney,Logan,McNaney,logan mcnaney,G,Goalie,OUT,Outlaws,2025,2026,13
002015,Logan Wisnauskas,Logan,Wisnauskas,logan wisnauskas,A,Attack,OUT,Outlaws,2022,2026,36
003098,Luke Wierman,Luke,Wierman,luke wierman,FO,Faceoff,OUT,Outlaws,2024,2026,25
000886,Lyle Thompson,Lyle,Thompson,lyle thompson,A,Attack,CAN,Cannons,2022,2022,9
001814,Mac O'Keefe,Mac,O'Keefe,mac okeefe,A,Attack,ARC,Archers,2022,2026,49
002049,Marc O'Rourke,Marc,O'Rourke,marc orourke,M,Midfield,ATL,Atlas,2023,2023,5
000216,Marcus Holman,Marcus,Holman,marcus holman,A,Attack,CAN,Cannons,2022,2026,50
003096,Marcus Hudgins,Marcus,Hudgins,marcus hudgins,LSM,Long Stick Midfield,WAT,Waterdogs,2024,2026,18
003253,Marcus Wertheim,Marcus,Wertheim,marcus wertheim,M,Midfield,RED,Redwoods,2026,2026,2
000823,Mark Cockerton,Mark,Cockerton,mark cockerton,A,Attack,ATL,Atlas,2022,2023,4
000275,Mark Glicini,Mark,Glicini,mark glicini,SSDM,Defensive Midfield,CHA,Chaos,2022,2026,35
000217,Mark McNeill,Mark,McNeill,mark mcneill,SSDM,Defensive Midfield,ARC,Archers,2022,2022,11
003082,Mason Woodward,Mason,Woodward,mason woodward,D,Defense,ARC,Archers,2024,2026,24
000434,Matt Abbott,Matt,Abbott,matt abbott,SSDM,Defensive Midfield,CAN,Cannons,2022,2022,5
003081,Matt Brandau,Matt,Brandau,matt brandau,M,Midfield,WHP,Whipsnakes,2024,2026,19
003013,Matt Campbell,Matt,Campbell,matt campbell,M,Midfield,CAN,Cannons,2023,2026,36
000408,Matt DeLuca,Matt,DeLuca,matt deluca,G,Goalie,WAT,Waterdogs,2022,2026,32
000327,Matt Kavanagh,Matt,Kavanagh,matt kavanagh,A,Attack,CAN,Cannons,2022,2024,28
003125,Matt Knote,Matt,Knote,matt knote,G,Goalie,RED,Redwoods,2025,2025,1
000218,Matt McMahon,Matt,McMahon,matt mcmahon,D,Defense,ARC,Archers,2022,2023,24
002018,Matt Moore,Matt,Moore,matt moore,A,Attack,ARC,Archers,2022,2025,36
002056,Matt Rahill,Matt,Rahill,matt rahill,D,Defense,WHP,Whipsnakes,2022,2023,6
000354,Matt Rambo,Matt,Rambo,matt rambo,A,Attack,WHP,Whipsnakes,2022,2026,42
000276,Matt Rees,Matt,Rees,matt rees,LSM,Long Stick Midfield,CAN,Cannons,2022,2023,17
003164,Matt Traynor,Matt,Traynor,matt traynor,M,Midfield,ATL,Atlas,2025,2026,15
001707,Matt Whitcher,Matt,Whitcher,matt whitcher,SSDM,Defensive Midfield,WAT,Waterdogs,2022,2026,47
000355,Matthew Dunn,Matthew,Dunn,matthew dunn,D,Defense,WHP,Whipsnakes,2022,2026,47
000929,Matthew Hossack,Matthew,Hossack,matthew hossack,LSM,Long Stick Midfield,WAT,Waterdogs,2022,2022,2
001402,Max Adler,Max,Adler,max adler,FO,Faceoff,CHA,Chaos,2022,2023,9
003172,Max Krevsky,Max,Krevsky,max krevsky,SSDM,Defensive Midfield,ATL,Atlas,2025,2026,12
003208,Max Merklinger,Max,Merklinger,max merklinger,A,Attack,ARC,Archers,2025,2025,2
002035,Max Wayne,Max,Wayne,max wayne,D,Defense,CAN,Cannons,2023,2023,9
003170,Mic Kelly,Mic,Kelly,mic kelly,M,Midfield,CAN,Cannons,2025,2026,7
003104,Michael Boehm,Michael,Boehm,michael boehm,A,Attack,RED,Redwoods,2024,2026,4
000356,Michael Ehrhardt,Michael,Ehrhardt,michael ehrhardt,LSM,Long Stick Midfield,WHP,Whipsnakes,2022,2023,20
003178,Michael Grace,Michael,Grace,michael grace,LSM,Long Stick Midfield,ATL,Atlas,2025,2025,10
003209,Michael Lampert,Michael,Lampert,michael lampert,A,Attack,WAT,Waterdogs,2025,2026,4
000302,Michael Manley,Michael,Manley,michael manley,D,Defense,OUT,Outlaws,2022,2026,46
001397,Michael Rexrode,Michael,Rexrode,michael rexrode,D,Defense,ATL,Atlas,2022,2026,47
001810,Michael Sowers,Michael,Sowers,michael sowers,A,Attack,WAT,Waterdogs,2022,2026,51
000357,Mike Chanenchuk,Mike,Chanenchuk,mike chanenchuk,M,Midfield,WHP,Whipsnakes,2022,2024,37
001020,Mike Messenger,Mike,Messenger,mike messenger,SSDM,Defensive Midfield,OUT,Outlaws,2022,2024,19
003126,Mike Robinson,Mike,Robinson,mike robinson,A,Attack,CAN,Cannons,2024,2024,1
003004,Mike Sisselberger,Mike,Sisselberger,mike sisselberger,FO,Faceoff,ARC,Archers,2023,2026,31
003267,Mikey Weisshaar,Mikey,Weisshaar,mikey weisshaar,M,Midfield,CAN,Cannons,2026,2026,2
001391,Mikie Schlosser,Mikie,Schlosser,mikie schlosser,M,Midfield,OUT,Outlaws,2022,2026,17
002041,Mitch Bartolo,Mitch,Bartolo,mitch bartolo,M,Midfield,RED,Redwoods,2022,2022,1
003177,Mitchell Dunham,Mitchell,Dunham,mitchell dunham,D,Defense,ARC,Archers,2026,2026,2
000278,Myles Jones,Myles,Jones,myles jones,M,Midfield,ATL,Atlas,2022,2025,36
002033,Nakeie Montgomery,Nakeie,Montgomery,nakeie montgomery,SSDM,Defensive Midfield,WAT,Waterdogs,2022,2026,31
003151,Nathan Laliberte,Nathan,Laliberte,nathan laliberte,FO,Faceoff,ATL,Atlas,2026,2026,2
001839,Nick Grill,Nick,Grill,nick grill,LSM,Long Stick Midfield,OUT,Outlaws,2022,2025,38
001427,Nick Marrocco,Nick,Marrocco,nick marrocco,G,Goalie,CAN,Cannons,2022,2022,10
003018,Nick Rowlett,Nick,Rowlett,nick rowlett,FO,Faceoff,CHA,Chaos,2023,2025,23
001773,Nick Washuta,Nick,Washuta,nick washuta,G,Goalie,ARC,Archers,2022,2026,9
003251,Nikko DiPonio,Nikko,DiPonio,nikko diponio,D,Defense,ATL,Atlas,2026,2026,2
003023,Owen Grant,Owen,Grant,owen grant,D,Defense,CAN,Cannons,2023,2026,18
003166,Owen Hiltz,Owen,Hiltz,owen hiltz,A,Attack,CHA,Chaos,2025,2025,8
002039,Owen McElroy,Owen,McElroy,owen mcelroy,G,Goalie,OUT,Outlaws,2022,2025,17
001760,Pat Aslanian,Pat,Aslanian,pat aslanian,SSDM,Defensive Midfield,CAN,Cannons,2022,2024,17
003080,Pat Kavanagh,Pat,Kavanagh,pat kavanagh,A,Attack,OUT,Outlaws,2024,2025,20
000331,Patrick Harbeson,Patrick,Harbeson,patrick harbeson,SSDM,Defensive Midfield,RED,Redwoods,2022,2022,3
000279,Patrick Resch,Patrick,Resch,patrick resch,SSDM,Defensive Midfield,ARC,Archers,2022,2025,39
003115,Payton Cormier,Payton,Cormier,payton cormier,A,Attack,ATL,Atlas,2024,2024,3
003011,Payton Rezanka,Payton,Rezanka,payton rezanka,SSDM,Defensive Midfield,ATL,Atlas,2024,2025,14
001825,Peter Dearth,Peter,Dearth,peter dearth,SSDM,Defensive Midfield,ATL,Atlas,2022,2023,17
003254,Peter Detwiler,Peter,Detwiler,peter detwiler,SSDM,Defensive Midfield,CHA,Chaos,2026,2026,2
003032,Petey LaSalla,Petey,LaSalla,petey lasalla,FO,Faceoff,WHP,Whipsnakes,2023,2026,14
003006,Piper Bond,Piper,Bond,piper bond,SSDM,Defensive Midfield,ARC,Archers,2023,2026,36
003212,Ray Dearth,Ray,Dearth,ray dearth,SSDM,Defensive Midfield,CHA,Chaos,2025,2026,11
000397,Reece Eddy,Reece,Eddy,reece eddy,LSM,Long Stick Midfield,ARC,Archers,2023,2023,1
002006,Reid Bowering,Reid,Bowering,reid bowering,M,Midfield,ATL,Atlas,2023,2026,15
003228,Remington Reynolds,Remington,Reynolds,remington reynolds,D,Defense,CAN,Cannons,2026,2026,2
003069,Ricky Miezan,Ricky,Miezan,ricky miezan,SSDM,Defensive Midfield,RED,Redwoods,2024,2024,4
000414,Rob Pannell,Rob,Pannell,rob pannell,A,Attack,WHP,Whipsnakes,2022,2026,45
002021,Roman Puglise,Roman,Puglise,roman puglise,SSDM,Defensive Midfield,WHP,Whipsnakes,2023,2025,32
000305,Romar Dennis,Romar,Dennis,romar dennis,M,Midfield,RED,Redwoods,2022,2026,42
003073,Ron John,Ron,John,ron john,SSDM,Defensive Midfield,RED,Redwoods,2024,2024,1
003070,Ronan Jacoby,Ronan,Jacoby,ronan jacoby,M,Midfield,ATL,Atlas,2024,2024,6
003093,Ross Scott,Ross,Scott,ross scott,M,Midfield,CHA,Chaos,2024,2026,25
000221,Ryan Ambler,Ryan,Ambler,ryan ambler,M,Midfield,ARC,Archers,2022,2026,47
002043,Ryan Aughavin,Ryan,Aughavin,ryan aughavin,M,Midfield,ARC,Archers,2022,2024,15
000246,Ryan Brown,Ryan,Brown,ryan brown,A,Attack,WAT,Waterdogs,2022,2022,9
000363,Ryan Conrad,Ryan,Conrad,ryan conrad,M,Midfield,WHP,Whipsnakes,2022,2024,34
000358,Ryan Drenner,Ryan,Drenner,ryan drenner,M,Midfield,CAN,Cannons,2022,2025,45
002062,Ryan Hallenbeck,Ryan,Hallenbeck,ryan hallenbeck,SSDM,Defensive Midfield,RED,Redwoods,2022,2022,5
002063,Ryan Kennedy,Ryan,Kennedy,ryan kennedy,LSM,Long Stick Midfield,RED,Redwoods,2022,2024,16
002031,Ryan McNulty,Ryan,McNulty,ryan mcnulty,LSM,Long Stick Midfield,CHA,Chaos,2024,2024,4
001838,Ryan Smith,Ryan,Smith,ryan smith,M,Midfield,CHA,Chaos,2022,2023,22
003248,Ryan Stines,Ryan,Stines,ryan stines,M,Midfield,ARC,Archers,2026,2026,2
001820,Ryan Terefenko,Ryan,Terefenko,ryan terefenko,SSDM,Defensive Midfield,OUT,Outlaws,2022,2025,46
001824,Ryan Tierney,Ryan,Tierney,ryan tierney,M,Midfield,RED,Redwoods,2022,2024,11
000373,Ryder Garnsey,Ryder,Garnsey,ryder garnsey,A,Attack,RED,Redwoods,2022,2025,46
000416,Ryland Rees,Ryland,Rees,ryland rees,LSM,Long Stick Midfield,RED,Redwoods,2022,2025,38
003114,Saam Olexo,Saam,Olexo,saam olexo,LSM,Long Stick Midfield,OUT,Outlaws,2024,2024,1
003161,Sam English,Sam,English,sam english,M,Midfield,RED,Redwoods,2025,2025,4
003019,Sam Handley,Sam,Handley,sam handley,M,Midfield,RED,Redwoods,2023,2025,24
003174,Sam King,Sam,King,sam king,A,Attack,ARC,Archers,2025,2026,13
001414,Scott Hooper,Scott,Hooper,scott hooper,D,Defense,CAN,Cannons,2022,2022,2
000223,Scott Ratliff,Scott,Ratliff,scott ratliff,D,Defense,ASH,Archers,2022,2022,14
003103,Scott Smith,Scott,Smith,scott smith,D,Defense,CHA,Chaos,2025,2026,9
003264,Sean Byrne,Sean,Byrne,sean byrne,G,Goalie,WAT,Waterdogs,2026,2026,1
003003,Sean Lulley,Sean,Lulley,sean lulley,M,Midfield,WHP,Whipsnakes,2023,2023,1
001724,Sean Sconone,Sean,Sconone,sean sconone,G,Goalie,OUT,Outlaws,2022,2024,23
000333,Sergio Perkovic,Sergio,Perkovic,sergio perkovic,M,Midfield,CHA,Chaos,2022,2025,33
003078,Shane Knobloch,Shane,Knobloch,shane knobloch,M,Midfield,CHA,Chaos,2024,2026,19
000960,Shayne Jackson,Shayne,Jackson,shayne jackson,A,Attack,CAN,Cannons,2022,2022,4
000222,Stephen Kelly,Stephen,Kelly,stephen kelly,FO,Faceoff,CAN,Cannons,2022,2023,13
001833,Stephen Rehfuss,Stephen,Rehfuss,stephen rehfuss,M,Midfield,CAN,Cannons,2022,2022,10
003095,Stephen Zupicich,Stephen,Zupicich,stephen zupicich,LSM,Long Stick Midfield,WHP,Whipsnakes,2024,2024,3
000251,Steven DeNapoli,Steven,DeNapoli,steven denapoli,SSDM,Defensive Midfield,WAT,Waterdogs,2022,2022,8
001812,TD Ierlan,TD,Ierlan,td ierlan,FO,Faceoff,RED,Redwoods,2022,2026,48
003048,TJ Malone,TJ,Malone,tj malone,A,Attack,WHP,Whipsnakes,2024,2026,26
001823,Tanner Cook,Tanner,Cook,tanner cook,M,Midfield,CHA,Chaos,2022,2022,6
003257,Teddy Malone,Teddy,Malone,teddy malone,A,Attack,CHA,Chaos,2026,2026,2
000280,Thomas Kelly,Thomas,Kelly,thomas kelly,FO,Faceoff,CHA,Chaos,2022,2022,5
003027,Thomas McConvey,Thomas,McConvey,thomas mcconvey,M,Midfield,WAT,Waterdogs,2023,2026,21
001003,Tim Edwards,Tim,Edwards,tim edwards,SSDM,Defensive Midfield,CAN,Cannons,2022,2022,1
000359,Tim Muller,Tim,Muller,tim muller,D,Defense,WHP,Whipsnakes,2022,2026,49
000370,Tim Troutner,Tim,Troutner,tim troutner,G,Goalie,ATL,Atlas,2022,2024,14
000225,Tom Schreiber,Tom,Schreiber,tom schreiber,M,Midfield,ARC,Archers,2022,2025,43
000700,Tommy Palasek,Tommy,Palasek,tommy palasek,A,Attack,CHA,Chaos,2022,2022,2
003215,Tommy Stull,Tommy,Stull,tommy stull,LSM,Long Stick Midfield,ARC,Archers,2026,2026,1
001821,Tre Leclaire,Tre,Leclaire,tre leclaire,M,Midfield,ARC,Archers,2022,2025,40
000254,Trevor Baptiste,Trevor,Baptiste,trevor baptiste,FO,Faceoff,ATL,Atlas,2022,2025,46
003020,Troy Hettinger,Troy,Hettinger,troy hettinger,LSM,Long Stick Midfield,OUT,Outlaws,2023,2023,5
000281,Troy Reh,Troy,Reh,troy reh,LSM,Long Stick Midfield,CHA,Chaos,2022,2026,51
003261,Truitt Sunderland,Truitt,Sunderland,truitt sunderland,A,Attack,WHP,Whipsnakes,2026,2026,1
003031,Tucker Dordevic,Tucker,Dordevic,tucker dordevic,M,Midfield,WHP,Whipsnakes,2023,2024,15
000255,Tucker Durkin,Tucker,Durkin,tucker durkin,D,Defense,ATL,Atlas,2022,2023,24
003017,Tye Kurtz,Tye,Kurtz,tye kurtz,M,Midfield,CAN,Cannons,2023,2026,16
003099,Tyler Carpenter,Tyler,Carpenter,tyler carpenter,LSM,Long Stick Midfield,ATL,Atlas,2024,2026,26
000361,Tyler Warner,Tyler,Warner,tyler warner,SSDM,Defensive Midfield,WHP,Whipsnakes,2022,2023,21
000282,Tyson Bell,Tyson,Bell,tyson bell,LSM,Long Stick Midfield,CAN,Cannons,2022,2022,6
001661,Warren Jeffrey,Warren,Jeffrey,warren jeffrey,D,Defense,ARC,Archers,2022,2025,34
000385,Wes Berg,Wes,Berg,wes berg,A,Attack,RED,Redwoods,2022,2024,27
002029,Wheaton Jackoboice,Wheaton,Jackoboice,wheaton jackoboice,SSDM,Defensive Midfield,WHP,Whipsnakes,2022,2024,16
003015,Will Bowen,Will,Bowen,will bowen,D,Defense,CHA,Chaos,2023,2024,22
000308,Will Haus,Will,Haus,will haus,SSDM,Defensive Midfield,OUT,Outlaws,2022,2024,32
000227,Will Manny,Will,Manny,will manny,A,Attack,CAN,Cannons,2022,2025,30
003108,Will Mark,Will,Mark,will mark,G,Goalie,ATL,Atlas,2025,2025,2
002003,Will Perry,Will,Perry,will perry,M,Midfield,CHA,Chaos,2023,2023,8
003010,Xander Dickson,Xander,Dickson,xander dickson,A,Attack,ATL,Atlas,2023,2026,36
002067,Zac Tucci,Zac,Tucci,zac tucci,FO,Faceoff,CAN,Cannons,2022,2026,27
000409,Zach Currier,Zach,Currier,zach currier,M,Midfield,WAT,Waterdogs,2022,2026,51
002022,Zach Geddes,Zach,Geddes,zach geddes,SSDM,Defensive Midfield,OUT,Outlaws,2022,2026,44
001671,Zach Goodrich,Zach,Goodrich,zach goodrich,SSDM,Defensive Midfield,CAN,Cannons,2022,2026,46
000419,Zed Williams,Zed,Williams,zed williams,A,Attack,WAT,Waterdogs,2022,2026,33
